SMILES,TARGET
CCCCCCCC\C=C/CCCCCCCCNC(=O)C(CCCCCOC(=O)CCCCCCC\C=C/C\C=C/CCCCC)NCCN(CC)CC,-0.9762346
CCCCCCCCCCCCCCCCCCNC(=O)C(CCCCCOC(=O)CCCCCCC\C=C/C\C=C/CCCCC)NCCN(CC)CC,2.72890464
CCCCCCCCCCCCNC(=O)C(CCCCCOC(=O)CCCCCCC\C=C/C\C=C/CCCCC)NCCN(CC)CC,2.50828071
CCCCCCCCCCCCCCNC(=O)C(CCCCCOC(=O)CCCCCCC\C=C/C\C=C/CCCCC)NCCN(CC)CC,2.02539002
CCCCCCCCCCCCCCCCNC(=O)C(CCCCCOC(=O)CCCCCCC\C=C/C\C=C/CCCCC)NCCN(CC)CC,6.14295874
CCCCCCCC\C=C/CCCCCCCCNC(=O)C(CCCCCOC(=O)CCCCCCC\C=C/C\C=C/CCCCC)NC1CCN(C)CC1,0.45849689
CCCCCCCCCCCCCCCCCCNC(=O)C(CCCCCOC(=O)CCCCCCC\C=C/C\C=C/CCCCC)NC1CCN(C)CC1,0.11447705
CCCCCCCCCCCCNC(=O)C(CCCCCOC(=O)CCCCCCC\C=C/C\C=C/CCCCC)NC1CCN(C)CC1,2.13269549
CCCCCCCCCCCCCCNC(=O)C(CCCCCOC(=O)CCCCCCC\C=C/C\C=C/CCCCC)NC1CCN(C)CC1,-0.3692774
CCCCCCCCCCCCCCCCNC(=O)C(CCCCCOC(=O)CCCCCCC\C=C/C\C=C/CCCCC)NC1CCN(C)CC1,1.8623122
CCCCCCCC\C=C/CCCCCCCCNC(=O)C(CCCCCOC(=O)CCCCCCC\C=C/C\C=C/CCCCC)NC1=CNN=C1,2.19378303
CCCCCCCCCCCCCCCCCCNC(=O)C(CCCCCOC(=O)CCCCCCC\C=C/C\C=C/CCCCC)NC1=CNN=C1,-0.2509911
CCCCCCCCCCCCNC(=O)C(CCCCCOC(=O)CCCCCCC\C=C/C\C=C/CCCCC)NC1=CNN=C1,-0.5248069
CCCCCCCCCCCCCCNC(=O)C(CCCCCOC(=O)CCCCCCC\C=C/C\C=C/CCCCC)NC1=CNN=C1,0.17949607
CCCCCCCCCCCCCCCCNC(=O)C(CCCCCOC(=O)CCCCCCC\C=C/C\C=C/CCCCC)NC1=CNN=C1,0.52912997
CCCCCCCC\C=C/CCCCCCCCNC(=O)C(CCCCCOC(=O)CCCCCCC\C=C/C\C=C/CCCCC)NC1=CC(C)=NN1C,0.64225411
CCCCCCCCCCCCCCCCCCNC(=O)C(CCCCCOC(=O)CCCCCCC\C=C/C\C=C/CCCCC)NC1=CC(C)=NN1C,0.10591822
CCCCCCCCCCCCNC(=O)C(CCCCCOC(=O)CCCCCCC\C=C/C\C=C/CCCCC)NC1=CC(C)=NN1C,0.01948142
CCCCCCCCCCCCCCNC(=O)C(CCCCCOC(=O)CCCCCCC\C=C/C\C=C/CCCCC)NC1=CC(C)=NN1C,-0.4759767
CCCCCCCCCCCCCCCCNC(=O)C(CCCCCOC(=O)CCCCCCC\C=C/C\C=C/CCCCC)NC1=CC(C)=NN1C,1.08901157
CCCCCCCC\C=C/CCCCCCCCNC(=O)C(CCCCCOC(=O)CCCCCCC\C=C/C\C=C/CCCCC)NN1CCCCC1,1.89347656
CCCCCCCCCCCCCCCCCCNC(=O)C(CCCCCOC(=O)CCCCCCC\C=C/C\C=C/CCCCC)NN1CCCCC1,0.08732811
CCCCCCCCCCCCNC(=O)C(CCCCCOC(=O)CCCCCCC\C=C/C\C=C/CCCCC)NN1CCCCC1,1.63886097
CCCCCCCCCCCCCCNC(=O)C(CCCCCOC(=O)CCCCCCC\C=C/C\C=C/CCCCC)NN1CCCCC1,-0.380181
CCCCCCCCCCCCCCCCNC(=O)C(CCCCCOC(=O)CCCCCCC\C=C/C\C=C/CCCCC)NN1CCCCC1,-0.4313837
CCCCCCCC\C=C/CCCCCCCCNC(=O)C(CCCCCOC(=O)CCCCCCC\C=C/C\C=C/CCCCC)NCCN(CCN)CCN,-0.2915111
CCCCCCCCCCCCCCCCCCNC(=O)C(CCCCCOC(=O)CCCCCCC\C=C/C\C=C/CCCCC)NCCN(CCN)CCN,2.49526502
CCCCCCCCCCCCNC(=O)C(CCCCCOC(=O)CCCCCCC\C=C/C\C=C/CCCCC)NCCN(CCN)CCN,4.41015565
CCCCCCCCCCCCCCNC(=O)C(CCCCCOC(=O)CCCCCCC\C=C/C\C=C/CCCCC)NCCN(CCN)CCN,3.72721278
CCCCCCCCCCCCCCCCNC(=O)C(CCCCCOC(=O)CCCCCCC\C=C/C\C=C/CCCCC)NCCN(CCN)CCN,4.84129821
CCCCCCCC\C=C/CCCCCCCCNC(=O)C(CCCCCOC(=O)CCCCCCC\C=C/C\C=C/CCCCC)NCCN1CCCC1,0.4943182
CCCCCCCCCCCCCCCCCCNC(=O)C(CCCCCOC(=O)CCCCCCC\C=C/C\C=C/CCCCC)NCCN1CCCC1,0.3691724
CCCCCCCCCCCCNC(=O)C(CCCCCOC(=O)CCCCCCC\C=C/C\C=C/CCCCC)NCCN1CCCC1,4.43825907
CCCCCCCCCCCCCCNC(=O)C(CCCCCOC(=O)CCCCCCC\C=C/C\C=C/CCCCC)NCCN1CCCC1,-0.5149509
CCCCCCCCCCCCCCCCNC(=O)C(CCCCCOC(=O)CCCCCCC\C=C/C\C=C/CCCCC)NCCN1CCCC1,0.75766532
CCCCCCCC\C=C/CCCCCCCCNC(=O)C(CCCCCOC(=O)CCCCCCC\C=C/C\C=C/CCCCC)NCCN1CCCCC1,0.01642443
CCCCCCCCCCCCCCCCCCNC(=O)C(CCCCCOC(=O)CCCCCCC\C=C/C\C=C/CCCCC)NCCN1CCCCC1,0.87827189
CCCCCCCCCCCCNC(=O)C(CCCCCOC(=O)CCCCCCC\C=C/C\C=C/CCCCC)NCCN1CCCCC1,-0.0076897
CCCCCCCCCCCCCCNC(=O)C(CCCCCOC(=O)CCCCCCC\C=C/C\C=C/CCCCC)NCCN1CCCCC1,-0.3020811
CCCCCCCCCCCCCCCCNC(=O)C(CCCCCOC(=O)CCCCCCC\C=C/C\C=C/CCCCC)NCCN1CCCCC1,-0.1629915
CCCCCCCC\C=C/CCCCCCCCNC(=O)C(CCCCCOC(=O)CCCCCCC\C=C/C\C=C/CCCCC)NCCN(C(C)C)C(C)C,0.12292296
CCCCCCCCCCCCCCCCCCNC(=O)C(CCCCCOC(=O)CCCCCCC\C=C/C\C=C/CCCCC)NCCN(C(C)C)C(C)C,-0.3363055
CCCCCCCCCCCCNC(=O)C(CCCCCOC(=O)CCCCCCC\C=C/C\C=C/CCCCC)NCCN(C(C)C)C(C)C,-1.6107057
CCCCCCCCCCCCCCNC(=O)C(CCCCCOC(=O)CCCCCCC\C=C/C\C=C/CCCCC)NCCN(C(C)C)C(C)C,-1.0922641
CCCCCCCCCCCCCCCCNC(=O)C(CCCCCOC(=O)CCCCCCC\C=C/C\C=C/CCCCC)NCCN(C(C)C)C(C)C,1.86282459
CCCCCCCCCCCCCCCCCC(=O)OCCCCCC(NCCCN(C)CCCN)C(=O)NCCCCCCCC\C=C/CCCCCCCC,0.43036791
CCCCCCCCCCCCCCCCCCNC(=O)C(CCCCCOC(=O)CCCCCCCCCCCCCCCCC)NCCCN(C)CCCN,-0.5406295
CCCCCCCCCCCCCCCCCC(=O)OCCCCCC(NCCCN(C)CCCN)C(=O)NCCCCCCCCCCCC,3.11216818
CCCCCCCCCCCCCCCCCC(=O)OCCCCCC(NCCCN(C)CCCN)C(=O)NCCCCCCCCCCCCCC,1.75045446
CCCCCCCCCCCCCCCCCC(=O)OCCCCCC(NCCCN(C)CCCN)C(=O)NCCCCCCCCCCCCCCCC,1.03080392
CCCCCCCCCCCCCCCCCC(=O)OCCCCCC(NCC1CCCN1CC)C(=O)NCCCCCCCC\C=C/CCCCCCCC,-0.0242425
CCCCCCCCCCCCCCCCCCNC(=O)C(CCCCCOC(=O)CCCCCCCCCCCCCCCCC)NCC1CCCN1CC,1.13548771
CCCCCCCCCCCCCCCCCC(=O)OCCCCCC(NCC1CCCN1CC)C(=O)NCCCCCCCCCCCC,2.62336883
CCCCCCCCCCCCCCCCCC(=O)OCCCCCC(NCC1CCCN1CC)C(=O)NCCCCCCCCCCCCCC,2.38691817
CCCCCCCCCCCCCCCCCC(=O)OCCCCCC(NCC1CCCN1CC)C(=O)NCCCCCCCCCCCCCCCC,1.0239551
CCCCCCCCCCCCCCCCCC(=O)OCCCCCC(NCCN1CCNCC1)C(=O)NCCCCCCCC\C=C/CCCCCCCC,-0.144452
CCCCCCCCCCCCCCCCCCNC(=O)C(CCCCCOC(=O)CCCCCCCCCCCCCCCCC)NCCN1CCNCC1,0.96126954
CCCCCCCCCCCCCCCCCC(=O)OCCCCCC(NCCN1CCNCC1)C(=O)NCCCCCCCCCCCC,2.69361074
CCCCCCCCCCCCCCCCCC(=O)OCCCCCC(NCCN1CCNCC1)C(=O)NCCCCCCCCCCCCCC,3.08736343
CCCCCCCCCCCCCCCCCC(=O)OCCCCCC(NCCN1CCNCC1)C(=O)NCCCCCCCCCCCCCCCC,0.91046907
CCCCCCCCCCCCCCCCCC(=O)OCCCCCC(NC1CCNCC1)C(=O)NCCCCCCCC\C=C/CCCCCCCC,0.77009089
CCCCCCCCCCCCCCCCCCNC(=O)C(CCCCCOC(=O)CCCCCCCCCCCCCCCCC)NC1CCNCC1,-0.4621039
CCCCCCCCCCCCCCCCCC(=O)OCCCCCC(NC1CCNCC1)C(=O)NCCCCCCCCCCCC,2.26244247
CCCCCCCCCCCCCCCCCC(=O)OCCCCCC(NC1CCNCC1)C(=O)NCCCCCCCCCCCCCC,1.03896405
CCCCCCCCCCCCCCCCCC(=O)OCCCCCC(NC1CCNCC1)C(=O)NCCCCCCCCCCCCCCCC,0.82300916
CCCCCCCCCCCCCCCCCC(=O)OCCCCCC(NCCN(C)C)C(=O)NCCCCCCCC\C=C/CCCCCCCC,4.80554408
CCCCCCCCCCCCCCCCCCNC(=O)C(CCCCCOC(=O)CCCCCCCCCCCCCCCCC)NCCN(C)C,8.83534042
CCCCCCCCCCCCCCCCCC(=O)OCCCCCC(NCCN(C)C)C(=O)NCCCCCCCCCCCC,0.56247788
CCCCCCCCCCCCCCCCCC(=O)OCCCCCC(NCCN(C)C)C(=O)NCCCCCCCCCCCCCC,-0.0024674
CCCCCCCCCCCCCCCCCC(=O)OCCCCCC(NCCN(C)C)C(=O)NCCCCCCCCCCCCCCCC,1.89645701
CCCCCCCCCCCCCCCCCC(=O)OCCCCCC(NCCCN(C)C)C(=O)NCCCCCCCC\C=C/CCCCCCCC,4.97682024
CCCCCCCCCCCCCCCCCCNC(=O)C(CCCCCOC(=O)CCCCCCCCCCCCCCCCC)NCCCN(C)C,5.5057941
CCCCCCCCCCCCCCCCCC(=O)OCCCCCC(NCCCN(C)C)C(=O)NCCCCCCCCCCCC,2.28641631
CCCCCCCCCCCCCCCCCC(=O)OCCCCCC(NCCCN(C)C)C(=O)NCCCCCCCCCCCCCC,2.99144567
CCCCCCCCCCCCCCCCCC(=O)OCCCCCC(NCCCN(C)C)C(=O)NCCCCCCCCCCCCCCCC,4.48949834
CCCCCCCCCCCCCCCCCC(=O)OCCCCCC(NCCCN(CC)CC)C(=O)NCCCCCCCC\C=C/CCCCCCCC,1.22261951
CCCCCCCCCCCCCCCCCCNC(=O)C(CCCCCOC(=O)CCCCCCCCCCCCCCCCC)NCCCN(CC)CC,5.09086005
CCCCCCCCCCCCCCCCCC(=O)OCCCCCC(NCCCN(CC)CC)C(=O)NCCCCCCCCCCCC,1.77972253
CCCCCCCCCCCCCCCCCC(=O)OCCCCCC(NCCCN(CC)CC)C(=O)NCCCCCCCCCCCCCC,1.67303816
CCCCCCCCCCCCCCCCCC(=O)OCCCCCC(NCCCN(CC)CC)C(=O)NCCCCCCCCCCCCCCCC,2.52155777
CCCCCCCCCCCCCCCCCC(=O)OCCCCCC(NCCCN(CCCC)CCCC)C(=O)NCCCCCCCC\C=C/CCCCCCCC,1.91693179
CCCCCCCCCCCCCCCCCCNC(=O)C(CCCCCOC(=O)CCCCCCCCCCCCCCCCC)NCCCN(CCCC)CCCC,3.09515723
CCCCCCCCCCCCCCCCCC(=O)OCCCCCC(NCCCN(CCCC)CCCC)C(=O)NCCCCCCCCCCCC,5.44531105
CCCCCCCCCCCCCCCCCC(=O)OCCCCCC(NCCCN(CCCC)CCCC)C(=O)NCCCCCCCCCCCCCC,4.63082569
CCCCCCCCCCCCCCCCCC(=O)OCCCCCC(NCCCN(CCCC)CCCC)C(=O)NCCCCCCCCCCCCCCCC,3.32253171
CCCCCCCCCCCCCCCCCC(=O)OCCCCCC(NCCCN1CCCC1)C(=O)NCCCCCCCC\C=C/CCCCCCCC,6.75575862
CCCCCCCCCCCCCCCCCCNC(=O)C(CCCCCOC(=O)CCCCCCCCCCCCCCCCC)NCCCN1CCCC1,4.92376168
CCCCCCCCCCCCCCCCCC(=O)OCCCCCC(NCCCN1CCCC1)C(=O)NCCCCCCCCCCCC,3.10765122
CCCCCCCCCCCCCCCCCC(=O)OCCCCCC(NCCCN1CCCC1)C(=O)NCCCCCCCCCCCCCC,2.03201158
CCCCCCCCCCCCCCCCCC(=O)OCCCCCC(NCCCN1CCCC1)C(=O)NCCCCCCCCCCCCCCCC,2.92498229
CCCCCCCCCCCCCCCCCC(=O)OCCCCCC(NCCN(CC)CC)C(=O)NCCCCCCCC\C=C/CCCCCCCC,4.52094812
CCCCCCCCCCCCCCCCCCNC(=O)C(CCCCCOC(=O)CCCCCCCCCCCCCCCCC)NCCN(CC)CC,5.5455288
CCCCCCCCCCCCCCCCCC(=O)OCCCCCC(NCCN(CC)CC)C(=O)NCCCCCCCCCCCC,2.91459842
CCCCCCCCCCCCCCCCCC(=O)OCCCCCC(NCCN(CC)CC)C(=O)NCCCCCCCCCCCCCC,3.61821702
CCCCCCCCCCCCCCCCCC(=O)OCCCCCC(NCCN(CC)CC)C(=O)NCCCCCCCCCCCCCCCC,3.74643668
CCCCCCCCCCCCCCCCCC(=O)OCCCCCC(NC1CCN(C)CC1)C(=O)NCCCCCCCC\C=C/CCCCCCCC,2.20917089
CCCCCCCCCCCCCCCCCCNC(=O)C(CCCCCOC(=O)CCCCCCCCCCCCCCCCC)NC1CCN(C)CC1,1.98822274
CCCCCCCCCCCCCCCCCC(=O)OCCCCCC(NC1CCN(C)CC1)C(=O)NCCCCCCCCCCCC,2.37522223
CCCCCCCCCCCCCCCCCC(=O)OCCCCCC(NC1CCN(C)CC1)C(=O)NCCCCCCCCCCCCCC,0.79600129
CCCCCCCCCCCCCCCCCC(=O)OCCCCCC(NC1CCN(C)CC1)C(=O)NCCCCCCCCCCCCCCCC,1.42574342
CCCCCCCCCCCCCCCCCC(=O)OCCCCCC(NC1=CNN=C1)C(=O)NCCCCCCCC\C=C/CCCCCCCC,2.07765383
CCCCCCCCCCCCCCCCCCNC(=O)C(CCCCCOC(=O)CCCCCCCCCCCCCCCCC)NC1=CNN=C1,1.21064427
CCCCCCCCCCCCCCCCCC(=O)OCCCCCC(NC1=CNN=C1)C(=O)NCCCCCCCCCCCC,2.2885136
CCCCCCCCCCCCCCCCCC(=O)OCCCCCC(NC1=CNN=C1)C(=O)NCCCCCCCCCCCCCC,0.64413693
CCCCCCCCCCCCCCCCCC(=O)OCCCCCC(NC1=CNN=C1)C(=O)NCCCCCCCCCCCCCCCC,3.83080813
CCCCCCCCCCCCCCCCCC(=O)OCCCCCC(NC1=CC(C)=NN1C)C(=O)NCCCCCCCC\C=C/CCCCCCCC,1.95659015
CCCCCCCCCCCCCCCCCCNC(=O)C(CCCCCOC(=O)CCCCCCCCCCCCCCCCC)NC1=CC(C)=NN1C,2.62163621
CCCCCCCCCCCCCCCCCC(=O)OCCCCCC(NC1=CC(C)=NN1C)C(=O)NCCCCCCCCCCCC,3.33433886
CCCCCCCCCCCCCCCCCC(=O)OCCCCCC(NC1=CC(C)=NN1C)C(=O)NCCCCCCCCCCCCCC,2.77868975
CCCCCCCCCCCCCCCCCC(=O)OCCCCCC(NC1=CC(C)=NN1C)C(=O)NCCCCCCCCCCCCCCCC,2.72103846
CCCCCCCCCCCCCCCCCC(=O)OCCCCCC(NN1CCCCC1)C(=O)NCCCCCCCC\C=C/CCCCCCCC,1.86967946
CCCCCCCCCCCCCCCCCCNC(=O)C(CCCCCOC(=O)CCCCCCCCCCCCCCCCC)NN1CCCCC1,1.98854621
CCCCCCCCCCCCCCCCCC(=O)OCCCCCC(NN1CCCCC1)C(=O)NCCCCCCCCCCCC,2.72254897
CCCCCCCCCCCCCCCCCC(=O)OCCCCCC(NN1CCCCC1)C(=O)NCCCCCCCCCCCCCC,1.08715796
CCCCCCCCCCCCCCCCCC(=O)OCCCCCC(NN1CCCCC1)C(=O)NCCCCCCCCCCCCCCCC,1.65267979
CCCCCCCCCCCCCCCCCC(=O)OCCCCCC(NCCN(CCN)CCN)C(=O)NCCCCCCCC\C=C/CCCCCCCC,1.41151798
CCCCCCCCCCCCCCCCCCNC(=O)C(CCCCCOC(=O)CCCCCCCCCCCCCCCCC)NCCN(CCN)CCN,4.71068189
CCCCCCCCCCCCCCCCCC(=O)OCCCCCC(NCCN(CCN)CCN)C(=O)NCCCCCCCCCCCC,3.15716363
CCCCCCCCCCCCCCCCCC(=O)OCCCCCC(NCCN(CCN)CCN)C(=O)NCCCCCCCCCCCCCC,1.83364908
CCCCCCCCCCCCCCCCCC(=O)OCCCCCC(NCCN(CCN)CCN)C(=O)NCCCCCCCCCCCCCCCC,2.99704549
CCCCCCCCCCCCCCCCCC(=O)OCCCCCC(NCCN1CCCC1)C(=O)NCCCCCCCC\C=C/CCCCCCCC,4.54079183
CCCCCCCCCCCCCCCCCCNC(=O)C(CCCCCOC(=O)CCCCCCCCCCCCCCCCC)NCCN1CCCC1,0.68461605
CCCCCCCCCCCCCCCCCC(=O)OCCCCCC(NCCN1CCCC1)C(=O)NCCCCCCCCCCCC,1.43026112
CCCCCCCCCCCCCCCCCC(=O)OCCCCCC(NCCN1CCCC1)C(=O)NCCCCCCCCCCCCCC,1.5118728
CCCCCCCCCCCCCCCCCC(=O)OCCCCCC(NCCN1CCCC1)C(=O)NCCCCCCCCCCCCCCCC,2.67871942
CCCCCCCCCCCCCCCCCC(=O)OCCCCCC(NCCN1CCCCC1)C(=O)NCCCCCCCC\C=C/CCCCCCCC,3.11673372
CCCCCCCCCCCCCCCCCCNC(=O)C(CCCCCOC(=O)CCCCCCCCCCCCCCCCC)NCCN1CCCCC1,2.02366014
CCCCCCCCCCCCCCCCCC(=O)OCCCCCC(NCCN1CCCCC1)C(=O)NCCCCCCCCCCCC,3.82162251
CCCCCCCCCCCCCCCCCC(=O)OCCCCCC(NCCN1CCCCC1)C(=O)NCCCCCCCCCCCCCC,1.35960715
CCCCCCCCCCCCCCCCCC(=O)OCCCCCC(NCCN1CCCCC1)C(=O)NCCCCCCCCCCCCCCCC,2.4097482
CCCCCCCCCCCCCCCCCC(=O)OCCCCCC(NCCN(C(C)C)C(C)C)C(=O)NCCCCCCCC\C=C/CCCCCCCC,3.49726997
CCCCCCCCCCCCCCCCCCNC(=O)C(CCCCCOC(=O)CCCCCCCCCCCCCCCCC)NCCN(C(C)C)C(C)C,1.12817147
CCCCCCCCCCCCCCCCCC(=O)OCCCCCC(NCCN(C(C)C)C(C)C)C(=O)NCCCCCCCCCCCC,2.56609362
CCCCCCCCCCCCCCCCCC(=O)OCCCCCC(NCCN(C(C)C)C(C)C)C(=O)NCCCCCCCCCCCCCC,0.00524497
CCCCCCCCCCCCCCCCCC(=O)OCCCCCC(NCCN(C(C)C)C(C)C)C(=O)NCCCCCCCCCCCCCCCC,2.98162299
CCCCCCCCCCCCCCCC(=O)OCCCCCC(NCCCN(C)CCCN)C(=O)NCCCCCCCC\C=C/CCCCCCCC,1.78980326
CCCCCCCCCCCCCCCCCCNC(=O)C(CCCCCOC(=O)CCCCCCCCCCCCCCC)NCCCN(C)CCCN,5.04724499
CCCCCCCCCCCCCCCC(=O)OCCCCCC(NCCCN(C)CCCN)C(=O)NCCCCCCCCCCCC,2.64970986
CCCCCCCCCCCCCCCC(=O)OCCCCCC(NCCCN(C)CCCN)C(=O)NCCCCCCCCCCCCCC,2.24218838
CCCCCCCCCCCCCCCCNC(=O)C(CCCCCOC(=O)CCCCCCCCCCCCCCC)NCCCN(C)CCCN,2.1196435
CCCCCCCCCCCCCCCC(=O)OCCCCCC(NCC1CCCN1CC)C(=O)NCCCCCCCC\C=C/CCCCCCCC,2.23340113
CCCCCCCCCCCCCCCCCCNC(=O)C(CCCCCOC(=O)CCCCCCCCCCCCCCC)NCC1CCCN1CC,-0.7936809
CCCCCCCCCCCCCCCC(=O)OCCCCCC(NCC1CCCN1CC)C(=O)NCCCCCCCCCCCC,3.03391209
CCCCCCCCCCCCCCCC(=O)OCCCCCC(NCC1CCCN1CC)C(=O)NCCCCCCCCCCCCCC,3.09705858
CCCCCCCCCCCCCCCCNC(=O)C(CCCCCOC(=O)CCCCCCCCCCCCCCC)NCC1CCCN1CC,2.55331881
CCCCCCCCCCCCCCCC(=O)OCCCCCC(NCCN1CCNCC1)C(=O)NCCCCCCCC\C=C/CCCCCCCC,1.43326527
CCCCCCCCCCCCCCCCCCNC(=O)C(CCCCCOC(=O)CCCCCCCCCCCCCCC)NCCN1CCNCC1,1.77113586
CCCCCCCCCCCCCCCC(=O)OCCCCCC(NCCN1CCNCC1)C(=O)NCCCCCCCCCCCC,2.77222204
CCCCCCCCCCCCCCCC(=O)OCCCCCC(NCCN1CCNCC1)C(=O)NCCCCCCCCCCCCCC,1.77564178
CCCCCCCCCCCCCCCCNC(=O)C(CCCCCOC(=O)CCCCCCCCCCCCCCC)NCCN1CCNCC1,1.98247589
CCCCCCCCCCCCCCCC(=O)OCCCCCC(NC1CCNCC1)C(=O)NCCCCCCCC\C=C/CCCCCCCC,-1.1740975
CCCCCCCCCCCCCCCCCCNC(=O)C(CCCCCOC(=O)CCCCCCCCCCCCCCC)NC1CCNCC1,1.6548218
CCCCCCCCCCCCCCCC(=O)OCCCCCC(NC1CCNCC1)C(=O)NCCCCCCCCCCCC,1.39212135
CCCCCCCCCCCCCCCC(=O)OCCCCCC(NC1CCNCC1)C(=O)NCCCCCCCCCCCCCC,1.71484498
CCCCCCCCCCCCCCCCNC(=O)C(CCCCCOC(=O)CCCCCCCCCCCCCCC)NC1CCNCC1,2.36018842
CCCCCCCCCCCCCCCC(=O)OCCCCCC(NCCN(C)C)C(=O)NCCCCCCCC\C=C/CCCCCCCC,3.54334637
CCCCCCCCCCCCCCCCCCNC(=O)C(CCCCCOC(=O)CCCCCCCCCCCCCCC)NCCN(C)C,3.07404465
CCCCCCCCCCCCCCCC(=O)OCCCCCC(NCCN(C)C)C(=O)NCCCCCCCCCCCC,0.58941944
CCCCCCCCCCCCCCCC(=O)OCCCCCC(NCCN(C)C)C(=O)NCCCCCCCCCCCCCC,1.48846717
CCCCCCCCCCCCCCCCNC(=O)C(CCCCCOC(=O)CCCCCCCCCCCCCCC)NCCN(C)C,2.05901606
CCCCCCCCCCCCCCCC(=O)OCCCCCC(NCCCN(C)C)C(=O)NCCCCCCCC\C=C/CCCCCCCC,4.52645874
CCCCCCCCCCCCCCCCCCNC(=O)C(CCCCCOC(=O)CCCCCCCCCCCCCCC)NCCCN(C)C,2.65066575
CCCCCCCCCCCCCCCC(=O)OCCCCCC(NCCCN(C)C)C(=O)NCCCCCCCCCCCC,-0.0210033
CCCCCCCCCCCCCCCC(=O)OCCCCCC(NCCCN(C)C)C(=O)NCCCCCCCCCCCCCC,1.707071
CCCCCCCCCCCCCCCCNC(=O)C(CCCCCOC(=O)CCCCCCCCCCCCCCC)NCCCN(C)C,1.28413467
CCCCCCCCCCCCCCCC(=O)OCCCCCC(NCCCN(CC)CC)C(=O)NCCCCCCCC\C=C/CCCCCCCC,3.05753326
CCCCCCCCCCCCCCCCCCNC(=O)C(CCCCCOC(=O)CCCCCCCCCCCCCCC)NCCCN(CC)CC,3.46231336
CCCCCCCCCCCCCCCC(=O)OCCCCCC(NCCCN(CC)CC)C(=O)NCCCCCCCCCCCC,0.54766224
CCCCCCCCCCCCCCCC(=O)OCCCCCC(NCCCN(CC)CC)C(=O)NCCCCCCCCCCCCCC,1.38649084
CCCCCCCCCCCCCCCCNC(=O)C(CCCCCOC(=O)CCCCCCCCCCCCCCC)NCCCN(CC)CC,0.44716513
CCCCCCCCCCCCCCCC(=O)OCCCCCC(NCCCN(CCCC)CCCC)C(=O)NCCCCCCCC\C=C/CCCCCCCC,0.57115989
CCCCCCCCCCCCCCCCCCNC(=O)C(CCCCCOC(=O)CCCCCCCCCCCCCCC)NCCCN(CCCC)CCCC,3.03061051
CCCCCCCCCCCCCCCC(=O)OCCCCCC(NCCCN(CCCC)CCCC)C(=O)NCCCCCCCCCCCC,1.03559993
CCCCCCCCCCCCCCCC(=O)OCCCCCC(NCCCN(CCCC)CCCC)C(=O)NCCCCCCCCCCCCCC,1.80034688
CCCCCCCCCCCCCCCCNC(=O)C(CCCCCOC(=O)CCCCCCCCCCCCCCC)NCCCN(CCCC)CCCC,3.03130978
CCCCCCCCCCCCCCCC(=O)OCCCCCC(NCCCN1CCCC1)C(=O)NCCCCCCCC\C=C/CCCCCCCC,3.8069464
CCCCCCCCCCCCCCCCCCNC(=O)C(CCCCCOC(=O)CCCCCCCCCCCCCCC)NCCCN1CCCC1,2.78440778
CCCCCCCCCCCCCCCC(=O)OCCCCCC(NCCCN1CCCC1)C(=O)NCCCCCCCCCCCC,0.72495506
CCCCCCCCCCCCCCCC(=O)OCCCCCC(NCCCN1CCCC1)C(=O)NCCCCCCCCCCCCCC,1.45837318
CCCCCCCCCCCCCCCCNC(=O)C(CCCCCOC(=O)CCCCCCCCCCCCCCC)NCCCN1CCCC1,1.62385839
CCCCCCCCCCCCCCCC(=O)OCCCCCC(NCCN(CC)CC)C(=O)NCCCCCCCC\C=C/CCCCCCCC,2.08004747
CCCCCCCCCCCCCCCCCCNC(=O)C(CCCCCOC(=O)CCCCCCCCCCCCCCC)NCCN(CC)CC,2.84267906
CCCCCCCCCCCCCCCC(=O)OCCCCCC(NCCN(CC)CC)C(=O)NCCCCCCCCCCCC,0.99584905
CCCCCCCCCCCCCCCC(=O)OCCCCCC(NCCN(CC)CC)C(=O)NCCCCCCCCCCCCCC,0.89729228
CCCCCCCCCCCCCCCCNC(=O)C(CCCCCOC(=O)CCCCCCCCCCCCCCC)NCCN(CC)CC,0.58244768
CCCCCCCCCCCCCCCC(=O)OCCCCCC(NC1CCN(C)CC1)C(=O)NCCCCCCCC\C=C/CCCCCCCC,2.90755027
CCCCCCCCCCCCCCCCCCNC(=O)C(CCCCCOC(=O)CCCCCCCCCCCCCCC)NC1CCN(C)CC1,1.23608301
CCCCCCCCCCCCCCCC(=O)OCCCCCC(NC1CCN(C)CC1)C(=O)NCCCCCCCCCCCC,1.46991928
CCCCCCCCCCCCCCCC(=O)OCCCCCC(NC1CCN(C)CC1)C(=O)NCCCCCCCCCCCCCC,0.76051598
CCCCCCCCCCCCCCCCNC(=O)C(CCCCCOC(=O)CCCCCCCCCCCCCCC)NC1CCN(C)CC1,1.57683546
CCCCCCCCCCCCCCCC(=O)OCCCCCC(NC1=CNN=C1)C(=O)NCCCCCCCC\C=C/CCCCCCCC,2.37540055
CCCCCCCCCCCCCCCCCCNC(=O)C(CCCCCOC(=O)CCCCCCCCCCCCCCC)NC1=CNN=C1,0.52110102
CCCCCCCCCCCCCCCC(=O)OCCCCCC(NC1=CNN=C1)C(=O)NCCCCCCCCCCCC,1.54984115
CCCCCCCCCCCCCCCC(=O)OCCCCCC(NC1=CNN=C1)C(=O)NCCCCCCCCCCCCCC,0.52431384
CCCCCCCCCCCCCCCCNC(=O)C(CCCCCOC(=O)CCCCCCCCCCCCCCC)NC1=CNN=C1,2.10039692
CCCCCCCCCCCCCCCC(=O)OCCCCCC(NC1=CC(C)=NN1C)C(=O)NCCCCCCCC\C=C/CCCCCCCC,2.39664344
CCCCCCCCCCCCCCCCCCNC(=O)C(CCCCCOC(=O)CCCCCCCCCCCCCCC)NC1=CC(C)=NN1C,1.58588245
CCCCCCCCCCCCCCCC(=O)OCCCCCC(NC1=CC(C)=NN1C)C(=O)NCCCCCCCCCCCC,1.96219472
CCCCCCCCCCCCCCCC(=O)OCCCCCC(NC1=CC(C)=NN1C)C(=O)NCCCCCCCCCCCCCC,1.72005748
CCCCCCCCCCCCCCCCNC(=O)C(CCCCCOC(=O)CCCCCCCCCCCCCCC)NC1=CC(C)=NN1C,2.22854237
CCCCCCCCCCCCCCCC(=O)OCCCCCC(NN1CCCCC1)C(=O)NCCCCCCCC\C=C/CCCCCCCC,1.53813857
CCCCCCCCCCCCCCCCCCNC(=O)C(CCCCCOC(=O)CCCCCCCCCCCCCCC)NN1CCCCC1,1.2981926
CCCCCCCCCCCCCCCC(=O)OCCCCCC(NN1CCCCC1)C(=O)NCCCCCCCCCCCC,3.12892088
CCCCCCCCCCCCCCCC(=O)OCCCCCC(NN1CCCCC1)C(=O)NCCCCCCCCCCCCCC,0.5567973
CCCCCCCCCCCCCCCCNC(=O)C(CCCCCOC(=O)CCCCCCCCCCCCCCC)NN1CCCCC1,2.08179585
CCCCCCCCCCCCCCCC(=O)OCCCCCC(NCCN(CCN)CCN)C(=O)NCCCCCCCC\C=C/CCCCCCCC,-0.022246
CCCCCCCCCCCCCCCCCCNC(=O)C(CCCCCOC(=O)CCCCCCCCCCCCCCC)NCCN(CCN)CCN,2.16065022
CCCCCCCCCCCCCCCC(=O)OCCCCCC(NCCN(CCN)CCN)C(=O)NCCCCCCCCCCCC,1.14886104
CCCCCCCCCCCCCCCC(=O)OCCCCCC(NCCN(CCN)CCN)C(=O)NCCCCCCCCCCCCCC,0.77254749
CCCCCCCCCCCCCCCCNC(=O)C(CCCCCOC(=O)CCCCCCCCCCCCCCC)NCCN(CCN)CCN,2.75074298
CCCCCCCCCCCCCCCC(=O)OCCCCCC(NCCN1CCCC1)C(=O)NCCCCCCCC\C=C/CCCCCCCC,3.73302833
CCCCCCCCCCCCCCCCCCNC(=O)C(CCCCCOC(=O)CCCCCCCCCCCCCCC)NCCN1CCCC1,1.41648062
CCCCCCCCCCCCCCCC(=O)OCCCCCC(NCCN1CCCC1)C(=O)NCCCCCCCCCCCC,1.44093442
CCCCCCCCCCCCCCCC(=O)OCCCCCC(NCCN1CCCC1)C(=O)NCCCCCCCCCCCCCC,0.56591529
CCCCCCCCCCCCCCCCNC(=O)C(CCCCCOC(=O)CCCCCCCCCCCCCCC)NCCN1CCCC1,3.12164671
CCCCCCCCCCCCCCCC(=O)OCCCCCC(NCCN1CCCCC1)C(=O)NCCCCCCCC\C=C/CCCCCCCC,2.27253991
CCCCCCCCCCCCCCCCCCNC(=O)C(CCCCCOC(=O)CCCCCCCCCCCCCCC)NCCN1CCCCC1,1.0256608
CCCCCCCCCCCCCCCC(=O)OCCCCCC(NCCN1CCCCC1)C(=O)NCCCCCCCCCCCC,2.20212997
CCCCCCCCCCCCCCCC(=O)OCCCCCC(NCCN1CCCCC1)C(=O)NCCCCCCCCCCCCCC,0.79887435
CCCCCCCCCCCCCCCCNC(=O)C(CCCCCOC(=O)CCCCCCCCCCCCCCC)NCCN1CCCCC1,3.26653177
CCCCCCCCCCCCCCCC(=O)OCCCCCC(NCCN(C(C)C)C(C)C)C(=O)NCCCCCCCC\C=C/CCCCCCCC,2.82273854
CCCCCCCCCCCCCCCCCCNC(=O)C(CCCCCOC(=O)CCCCCCCCCCCCCCC)NCCN(C(C)C)C(C)C,1.3779066
CCCCCCCCCCCCCCCC(=O)OCCCCCC(NCCN(C(C)C)C(C)C)C(=O)NCCCCCCCCCCCC,2.36979895
CCCCCCCCCCCCCCCC(=O)OCCCCCC(NCCN(C(C)C)C(C)C)C(=O)NCCCCCCCCCCCCCC,-1.0653703
CCCCCCCCCCCCCCCCNC(=O)C(CCCCCOC(=O)CCCCCCCCCCCCCCC)NCCN(C(C)C)C(C)C,3.97382878
CCCCCCCCCC(=O)OCCCCCC(NCCCN(C)CCCN)C(=O)NCCCCCCCC\C=C/CCCCCCCC,0.89621262
CCCCCCCCCCCCCCCCCCNC(=O)C(CCCCCOC(=O)CCCCCCCCC)NCCCN(C)CCCN,1.71312719
CCCCCCCCCCCCNC(=O)C(CCCCCOC(=O)CCCCCCCCC)NCCCN(C)CCCN,3.36433411
CCCCCCCCCCCCCCNC(=O)C(CCCCCOC(=O)CCCCCCCCC)NCCCN(C)CCCN,1.9991051
CCCCCCCCCCCCCCCCNC(=O)C(CCCCCOC(=O)CCCCCCCCC)NCCCN(C)CCCN,2.92610166
CCCCCCCCCC(=O)OCCCCCC(NCC1CCCN1CC)C(=O)NCCCCCCCC\C=C/CCCCCCCC,0.77570131
CCCCCCCCCCCCCCCCCCNC(=O)C(CCCCCOC(=O)CCCCCCCCC)NCC1CCCN1CC,2.99990297
CCCCCCCCCCCCNC(=O)C(CCCCCOC(=O)CCCCCCCCC)NCC1CCCN1CC,3.7696797
CCCCCCCCCCCCCCNC(=O)C(CCCCCOC(=O)CCCCCCCCC)NCC1CCCN1CC,3.00153317
CCCCCCCCCCCCCCCCNC(=O)C(CCCCCOC(=O)CCCCCCCCC)NCC1CCCN1CC,2.86458078
CCCCCCCCCC(=O)OCCCCCC(NCCN1CCNCC1)C(=O)NCCCCCCCC\C=C/CCCCCCCC,-1.1884794
CCCCCCCCCCCCCCCCCCNC(=O)C(CCCCCOC(=O)CCCCCCCCC)NCCN1CCNCC1,1.01027236
CCCCCCCCCCCCNC(=O)C(CCCCCOC(=O)CCCCCCCCC)NCCN1CCNCC1,3.79192171
CCCCCCCCCCCCCCNC(=O)C(CCCCCOC(=O)CCCCCCCCC)NCCN1CCNCC1,2.73715234
CCCCCCCCCCCCCCCCNC(=O)C(CCCCCOC(=O)CCCCCCCCC)NCCN1CCNCC1,1.9379184
CCCCCCCCCC(=O)OCCCCCC(NC1CCNCC1)C(=O)NCCCCCCCC\C=C/CCCCCCCC,-0.6608894
CCCCCCCCCCCCCCCCCCNC(=O)C(CCCCCOC(=O)CCCCCCCCC)NC1CCNCC1,0.299466
CCCCCCCCCCCCNC(=O)C(CCCCCOC(=O)CCCCCCCCC)NC1CCNCC1,2.85120332
CCCCCCCCCCCCCCNC(=O)C(CCCCCOC(=O)CCCCCCCCC)NC1CCNCC1,1.61628914
CCCCCCCCCCCCCCCCNC(=O)C(CCCCCOC(=O)CCCCCCCCC)NC1CCNCC1,2.51257651
CCCCCCCCCC(=O)OCCCCCC(NCCN(C)C)C(=O)NCCCCCCCC\C=C/CCCCCCCC,3.76854204
CCCCCCCCCCCCCCCCCCNC(=O)C(CCCCCOC(=O)CCCCCCCCC)NCCN(C)C,2.22706891
CCCCCCCCCCCCNC(=O)C(CCCCCOC(=O)CCCCCCCCC)NCCN(C)C,0.22995086
CCCCCCCCCCCCCCNC(=O)C(CCCCCOC(=O)CCCCCCCCC)NCCN(C)C,-0.1697368
CCCCCCCCCCCCCCCCNC(=O)C(CCCCCOC(=O)CCCCCCCCC)NCCN(C)C,0.71675449
CCCCCCCCCC(=O)OCCCCCC(NCCCN(C)C)C(=O)NCCCCCCCC\C=C/CCCCCCCC,6.3188035
CCCCCCCCCCCCCCCCCCNC(=O)C(CCCCCOC(=O)CCCCCCCCC)NCCCN(C)C,4.35165817
CCCCCCCCCCCCNC(=O)C(CCCCCOC(=O)CCCCCCCCC)NCCCN(C)C,1.89981261
CCCCCCCCCCCCCCNC(=O)C(CCCCCOC(=O)CCCCCCCCC)NCCCN(C)C,2.70682904
CCCCCCCCCCCCCCCCNC(=O)C(CCCCCOC(=O)CCCCCCCCC)NCCCN(C)C,4.20577946
CCCCCCCCCC(=O)OCCCCCC(NCCCN(CC)CC)C(=O)NCCCCCCCC\C=C/CCCCCCCC,5.15123525
CCCCCCCCCCCCCCCCCCNC(=O)C(CCCCCOC(=O)CCCCCCCCC)NCCCN(CC)CC,3.67901911
CCCCCCCCCCCCNC(=O)C(CCCCCOC(=O)CCCCCCCCC)NCCCN(CC)CC,3.83001008
CCCCCCCCCCCCCCNC(=O)C(CCCCCOC(=O)CCCCCCCCC)NCCCN(CC)CC,2.33428494
CCCCCCCCCCCCCCCCNC(=O)C(CCCCCOC(=O)CCCCCCCCC)NCCCN(CC)CC,2.44413079
CCCCCCCCCC(=O)OCCCCCC(NCCCN(CCCC)CCCC)C(=O)NCCCCCCCC\C=C/CCCCCCCC,7.1292519
CCCCCCCCCCCCCCCCCCNC(=O)C(CCCCCOC(=O)CCCCCCCCC)NCCCN(CCCC)CCCC,6.14912131
CCCCCCCCCCCCNC(=O)C(CCCCCOC(=O)CCCCCCCCC)NCCCN(CCCC)CCCC,3.98979791
CCCCCCCCCCCCCCNC(=O)C(CCCCCOC(=O)CCCCCCCCC)NCCCN(CCCC)CCCC,2.87440161
CCCCCCCCCCCCCCCCNC(=O)C(CCCCCOC(=O)CCCCCCCCC)NCCCN(CCCC)CCCC,4.59457788
CCCCCCCCCC(=O)OCCCCCC(NCCCN1CCCC1)C(=O)NCCCCCCCC\C=C/CCCCCCCC,5.39289289
CCCCCCCCCCCCCCCCCCNC(=O)C(CCCCCOC(=O)CCCCCCCCC)NCCCN1CCCC1,4.94243424
CCCCCCCCCCCCNC(=O)C(CCCCCOC(=O)CCCCCCCCC)NCCCN1CCCC1,1.17648477
CCCCCCCCCCCCCCNC(=O)C(CCCCCOC(=O)CCCCCCCCC)NCCCN1CCCC1,0.46687112
CCCCCCCCCCCCCCCCNC(=O)C(CCCCCOC(=O)CCCCCCCCC)NCCCN1CCCC1,2.47097088
CCCCCCCCCC(=O)OCCCCCC(NCCN(CC)CC)C(=O)NCCCCCCCC\C=C/CCCCCCCC,3.91463466
CCCCCCCCCCCCCCCCCCNC(=O)C(CCCCCOC(=O)CCCCCCCCC)NCCN(CC)CC,5.03869912
CCCCCCCCCCCCNC(=O)C(CCCCCOC(=O)CCCCCCCCC)NCCN(CC)CC,-0.8091861
CCCCCCCCCCCCCCNC(=O)C(CCCCCOC(=O)CCCCCCCCC)NCCN(CC)CC,1.40457054
CCCCCCCCCCCCCCCCNC(=O)C(CCCCCOC(=O)CCCCCCCCC)NCCN(CC)CC,1.85576913
CCCCCCCCCC(=O)OCCCCCC(NC1CCN(C)CC1)C(=O)NCCCCCCCC\C=C/CCCCCCCC,3.4440597
CCCCCCCCCCCCCCCCCCNC(=O)C(CCCCCOC(=O)CCCCCCCCC)NC1CCN(C)CC1,2.38189113
CCCCCCCCCCCCNC(=O)C(CCCCCOC(=O)CCCCCCCCC)NC1CCN(C)CC1,2.59010637
CCCCCCCCCCCCCCNC(=O)C(CCCCCOC(=O)CCCCCCCCC)NC1CCN(C)CC1,0.58303203
CCCCCCCCCCCCCCCCNC(=O)C(CCCCCOC(=O)CCCCCCCCC)NC1CCN(C)CC1,3.1767767
CCCCCCCCCC(=O)OCCCCCC(NC1=CNN=C1)C(=O)NCCCCCCCC\C=C/CCCCCCCC,2.12778993
CCCCCCCCCCCCCCCCCCNC(=O)C(CCCCCOC(=O)CCCCCCCCC)NC1=CNN=C1,0.6457765
CCCCCCCCCCCCNC(=O)C(CCCCCOC(=O)CCCCCCCCC)NC1=CNN=C1,2.74364083
CCCCCCCCCCCCCCNC(=O)C(CCCCCOC(=O)CCCCCCCCC)NC1=CNN=C1,1.44863905
CCCCCCCCCCCCCCCCNC(=O)C(CCCCCOC(=O)CCCCCCCCC)NC1=CNN=C1,2.87398791
CCCCCCCCCC(=O)OCCCCCC(NC1=CC(C)=NN1C)C(=O)NCCCCCCCC\C=C/CCCCCCCC,3.74468424
CCCCCCCCCCCCCCCCCCNC(=O)C(CCCCCOC(=O)CCCCCCCCC)NC1=CC(C)=NN1C,2.70587594
CCCCCCCCCCCCNC(=O)C(CCCCCOC(=O)CCCCCCCCC)NC1=CC(C)=NN1C,3.44263726
CCCCCCCCCCCCCCNC(=O)C(CCCCCOC(=O)CCCCCCCCC)NC1=CC(C)=NN1C,1.11110314
CCCCCCCCCCCCCCCCNC(=O)C(CCCCCOC(=O)CCCCCCCCC)NC1=CC(C)=NN1C,3.1713553
CCCCCCCCCC(=O)OCCCCCC(NN1CCCCC1)C(=O)NCCCCCCCC\C=C/CCCCCCCC,0.6252515
CCCCCCCCCCCCCCCCCCNC(=O)C(CCCCCOC(=O)CCCCCCCCC)NN1CCCCC1,2.28714159
CCCCCCCCCCCCNC(=O)C(CCCCCOC(=O)CCCCCCCCC)NN1CCCCC1,2.25455524
CCCCCCCCCCCCCCNC(=O)C(CCCCCOC(=O)CCCCCCCCC)NN1CCCCC1,0.88341191
CCCCCCCCCCCCCCCCNC(=O)C(CCCCCOC(=O)CCCCCCCCC)NN1CCCCC1,2.5150944
CCCCCCCCCC(=O)OCCCCCC(NCCN(CCN)CCN)C(=O)NCCCCCCCC\C=C/CCCCCCCC,5.15004393
CCCCCCCCCCCCCCCCCCNC(=O)C(CCCCCOC(=O)CCCCCCCCC)NCCN(CCN)CCN,4.0440522
CCCCCCCCCCCCNC(=O)C(CCCCCOC(=O)CCCCCCCCC)NCCN(CCN)CCN,2.8831397
CCCCCCCCCCCCCCNC(=O)C(CCCCCOC(=O)CCCCCCCCC)NCCN(CCN)CCN,2.87539441
CCCCCCCCCCCCCCCCNC(=O)C(CCCCCOC(=O)CCCCCCCCC)NCCN(CCN)CCN,3.0913559
CCCCCCCCCC(=O)OCCCCCC(NCCN1CCCC1)C(=O)NCCCCCCCC\C=C/CCCCCCCC,4.05718128
CCCCCCCCCCCCCCCCCCNC(=O)C(CCCCCOC(=O)CCCCCCCCC)NCCN1CCCC1,2.46306493
CCCCCCCCCCCCNC(=O)C(CCCCCOC(=O)CCCCCCCCC)NCCN1CCCC1,2.70821771
CCCCCCCCCCCCCCNC(=O)C(CCCCCOC(=O)CCCCCCCCC)NCCN1CCCC1,1.16133804
CCCCCCCCCCCCCCCCNC(=O)C(CCCCCOC(=O)CCCCCCCCC)NCCN1CCCC1,2.8872658
CCCCCCCCCC(=O)OCCCCCC(NCCN1CCCCC1)C(=O)NCCCCCCCC\C=C/CCCCCCCC,2.79196796
CCCCCCCCCCCCCCCCCCNC(=O)C(CCCCCOC(=O)CCCCCCCCC)NCCN1CCCCC1,1.43515033
CCCCCCCCCCCCNC(=O)C(CCCCCOC(=O)CCCCCCCCC)NCCN1CCCCC1,3.35225594
CCCCCCCCCCCCCCNC(=O)C(CCCCCOC(=O)CCCCCCCCC)NCCN1CCCCC1,1.28491779
CCCCCCCCCCCCCCCCNC(=O)C(CCCCCOC(=O)CCCCCCCCC)NCCN1CCCCC1,4.14498904
CCCCCCCCCC(=O)OCCCCCC(NCCN(C(C)C)C(C)C)C(=O)NCCCCCCCC\C=C/CCCCCCCC,2.46616822
CCCCCCCCCCCCCCCCCCNC(=O)C(CCCCCOC(=O)CCCCCCCCC)NCCN(C(C)C)C(C)C,1.6706789
CCCCCCCCCCCCNC(=O)C(CCCCCOC(=O)CCCCCCCCC)NCCN(C(C)C)C(C)C,2.95745761
CCCCCCCCCCCCCCNC(=O)C(CCCCCOC(=O)CCCCCCCCC)NCCN(C(C)C)C(C)C,1.65640895
CCCCCCCCCCCCCCCCNC(=O)C(CCCCCOC(=O)CCCCCCCCC)NCCN(C(C)C)C(C)C,3.69439418
CCCCCCCC\C=C/CCCCCCCCNC(=O)C(CCCCCOC(=O)CCCCCCCCC#C)NCCCN(C)CCCN,2.32531626
CCCCCCCCCCCCCCCCCCNC(=O)C(CCCCCOC(=O)CCCCCCCCC#C)NCCCN(C)CCCN,1.24493237
CCCCCCCCCCCCNC(=O)C(CCCCCOC(=O)CCCCCCCCC#C)NCCCN(C)CCCN,1.05838128
CCCCCCCCCCCCCCNC(=O)C(CCCCCOC(=O)CCCCCCCCC#C)NCCCN(C)CCCN,4.68433107
CCCCCCCCCCCCCCCCNC(=O)C(CCCCCOC(=O)CCCCCCCCC#C)NCCCN(C)CCCN,1.68317238
CCCCCCCC\C=C/CCCCCCCCNC(=O)C(CCCCCOC(=O)CCCCCCCCC#C)NCC1CCCN1CC,0.57707513
CCCCCCCCCCCCCCCCCCNC(=O)C(CCCCCOC(=O)CCCCCCCCC#C)NCC1CCCN1CC,0.46442226
CCCCCCCCCCCCNC(=O)C(CCCCCOC(=O)CCCCCCCCC#C)NCC1CCCN1CC,3.80013451
CCCCCCCCCCCCCCNC(=O)C(CCCCCOC(=O)CCCCCCCCC#C)NCC1CCCN1CC,2.70235944
CCCCCCCCCCCCCCCCNC(=O)C(CCCCCOC(=O)CCCCCCCCC#C)NCC1CCCN1CC,3.83328671
CCCCCCCC\C=C/CCCCCCCCNC(=O)C(CCCCCOC(=O)CCCCCCCCC#C)NCCN1CCNCC1,-0.967336
CCCCCCCCCCCCCCCCCCNC(=O)C(CCCCCOC(=O)CCCCCCCCC#C)NCCN1CCNCC1,1.23025157
CCCCCCCCCCCCNC(=O)C(CCCCCOC(=O)CCCCCCCCC#C)NCCN1CCNCC1,4.4267332
CCCCCCCCCCCCCCNC(=O)C(CCCCCOC(=O)CCCCCCCCC#C)NCCN1CCNCC1,3.25673527
CCCCCCCCCCCCCCCCNC(=O)C(CCCCCOC(=O)CCCCCCCCC#C)NCCN1CCNCC1,2.1729201
CCCCCCCC\C=C/CCCCCCCCNC(=O)C(CCCCCOC(=O)CCCCCCCCC#C)NC1CCNCC1,0.06756328
CCCCCCCCCCCCCCCCCCNC(=O)C(CCCCCOC(=O)CCCCCCCCC#C)NC1CCNCC1,0.46435266
CCCCCCCCCCCCNC(=O)C(CCCCCOC(=O)CCCCCCCCC#C)NC1CCNCC1,1.92919278
CCCCCCCCCCCCCCNC(=O)C(CCCCCOC(=O)CCCCCCCCC#C)NC1CCNCC1,-0.0447454
CCCCCCCCCCCCCCCCNC(=O)C(CCCCCOC(=O)CCCCCCCCC#C)NC1CCNCC1,0.80730462
CCCCCCCC\C=C/CCCCCCCCNC(=O)C(CCCCCOC(=O)CCCCCCCCC#C)NCCN(C)C,3.63914806
CCCCCCCCCCCCCCCCCCNC(=O)C(CCCCCOC(=O)CCCCCCCCC#C)NCCN(C)C,1.46416744
CCCCCCCCCCCCNC(=O)C(CCCCCOC(=O)CCCCCCCCC#C)NCCN(C)C,0.2424815
CCCCCCCCCCCCCCNC(=O)C(CCCCCOC(=O)CCCCCCCCC#C)NCCN(C)C,0.26883479
CCCCCCCCCCCCCCCCNC(=O)C(CCCCCOC(=O)CCCCCCCCC#C)NCCN(C)C,1.14605702
CCCCCCCC\C=C/CCCCCCCCNC(=O)C(CCCCCOC(=O)CCCCCCCCC#C)NCCCN(C)C,3.59326137
CCCCCCCCCCCCCCCCCCNC(=O)C(CCCCCOC(=O)CCCCCCCCC#C)NCCCN(C)C,1.921204
CCCCCCCCCCCCNC(=O)C(CCCCCOC(=O)CCCCCCCCC#C)NCCCN(C)C,0.34127393
CCCCCCCCCCCCCCNC(=O)C(CCCCCOC(=O)CCCCCCCCC#C)NCCCN(C)C,1.32322252
CCCCCCCCCCCCCCCCNC(=O)C(CCCCCOC(=O)CCCCCCCCC#C)NCCCN(C)C,2.33752157
CCCCCCCC\C=C/CCCCCCCCNC(=O)C(CCCCCOC(=O)CCCCCCCCC#C)NCCCN(CC)CC,3.59939092
CCCCCCCCCCCCCCCCCCNC(=O)C(CCCCCOC(=O)CCCCCCCCC#C)NCCCN(CC)CC,2.56984076
CCCCCCCCCCCCNC(=O)C(CCCCCOC(=O)CCCCCCCCC#C)NCCCN(CC)CC,-0.631705
CCCCCCCCCCCCCCNC(=O)C(CCCCCOC(=O)CCCCCCCCC#C)NCCCN(CC)CC,0.78412611
CCCCCCCCCCCCCCCCNC(=O)C(CCCCCOC(=O)CCCCCCCCC#C)NCCCN(CC)CC,0.50169455
CCCCCCCC\C=C/CCCCCCCCNC(=O)C(CCCCCOC(=O)CCCCCCCCC#C)NCCCN(CCCC)CCCC,3.14758498
CCCCCCCCCCCCCCCCCCNC(=O)C(CCCCCOC(=O)CCCCCCCCC#C)NCCCN(CCCC)CCCC,2.35414272
CCCCCCCCCCCCNC(=O)C(CCCCCOC(=O)CCCCCCCCC#C)NCCCN(CCCC)CCCC,0.86658518
CCCCCCCCCCCCCCNC(=O)C(CCCCCOC(=O)CCCCCCCCC#C)NCCCN(CCCC)CCCC,1.05649745
CCCCCCCCCCCCCCCCNC(=O)C(CCCCCOC(=O)CCCCCCCCC#C)NCCCN(CCCC)CCCC,0.68604575
CCCCCCCC\C=C/CCCCCCCCNC(=O)C(CCCCCOC(=O)CCCCCCCCC#C)NCCCN1CCCC1,3.56144765
CCCCCCCCCCCCCCCCCCNC(=O)C(CCCCCOC(=O)CCCCCCCCC#C)NCCCN1CCCC1,2.63065234
CCCCCCCCCCCCNC(=O)C(CCCCCOC(=O)CCCCCCCCC#C)NCCCN1CCCC1,-0.1914196
CCCCCCCCCCCCCCNC(=O)C(CCCCCOC(=O)CCCCCCCCC#C)NCCCN1CCCC1,1.2016283
CCCCCCCCCCCCCCCCNC(=O)C(CCCCCOC(=O)CCCCCCCCC#C)NCCCN1CCCC1,1.94837879
CCCCCCCC\C=C/CCCCCCCCNC(=O)C(CCCCCOC(=O)CCCCCCCCC#C)NCCN(CC)CC,3.18092768
CCCCCCCCCCCCCCCCCCNC(=O)C(CCCCCOC(=O)CCCCCCCCC#C)NCCN(CC)CC,2.26174109
CCCCCCCCCCCCNC(=O)C(CCCCCOC(=O)CCCCCCCCC#C)NCCN(CC)CC,-1.928241
CCCCCCCCCCCCCCNC(=O)C(CCCCCOC(=O)CCCCCCCCC#C)NCCN(CC)CC,0.37494897
CCCCCCCCCCCCCCCCNC(=O)C(CCCCCOC(=O)CCCCCCCCC#C)NCCN(CC)CC,0.55850124
CCCCCCCC\C=C/CCCCCCCCNC(=O)C(CCCCCOC(=O)CCCCCCCCC#C)NC1CCN(C)CC1,1.96611084
CCCCCCCCCCCCCCCCCCNC(=O)C(CCCCCOC(=O)CCCCCCCCC#C)NC1CCN(C)CC1,0.39610387
CCCCCCCCCCCCNC(=O)C(CCCCCOC(=O)CCCCCCCCC#C)NC1CCN(C)CC1,3.30360395
CCCCCCCCCCCCCCNC(=O)C(CCCCCOC(=O)CCCCCCCCC#C)NC1CCN(C)CC1,-0.292922
CCCCCCCCCCCCCCCCNC(=O)C(CCCCCOC(=O)CCCCCCCCC#C)NC1CCN(C)CC1,1.85720406
CCCCCCCC\C=C/CCCCCCCCNC(=O)C(CCCCCOC(=O)CCCCCCCCC#C)NC1=CNN=C1,1.07117649
CCCCCCCCCCCCCCCCCCNC(=O)C(CCCCCOC(=O)CCCCCCCCC#C)NC1=CNN=C1,0.85259343
CCCCCCCCCCCCNC(=O)C(CCCCCOC(=O)CCCCCCCCC#C)NC1=CNN=C1,2.39738484
CCCCCCCCCCCCCCNC(=O)C(CCCCCOC(=O)CCCCCCCCC#C)NC1=CNN=C1,1.5775666
CCCCCCCCCCCCCCCCNC(=O)C(CCCCCOC(=O)CCCCCCCCC#C)NC1=CNN=C1,0.39353579
CCCCCCCC\C=C/CCCCCCCCNC(=O)C(CCCCCOC(=O)CCCCCCCCC#C)NC1=CC(C)=NN1C,2.35033813
CCCCCCCCCCCCCCCCCCNC(=O)C(CCCCCOC(=O)CCCCCCCCC#C)NC1=CC(C)=NN1C,-0.1233195
CCCCCCCCCCCCNC(=O)C(CCCCCOC(=O)CCCCCCCCC#C)NC1=CC(C)=NN1C,3.13413728
CCCCCCCCCCCCCCNC(=O)C(CCCCCOC(=O)CCCCCCCCC#C)NC1=CC(C)=NN1C,1.80966469
CCCCCCCCCCCCCCCCNC(=O)C(CCCCCOC(=O)CCCCCCCCC#C)NC1=CC(C)=NN1C,-0.0752521
CCCCCCCC\C=C/CCCCCCCCNC(=O)C(CCCCCOC(=O)CCCCCCCCC#C)NN1CCCCC1,1.59688872
CCCCCCCCCCCCCCCCCCNC(=O)C(CCCCCOC(=O)CCCCCCCCC#C)NN1CCCCC1,0.06615801
CCCCCCCCCCCCNC(=O)C(CCCCCOC(=O)CCCCCCCCC#C)NN1CCCCC1,2.31615751
CCCCCCCCCCCCCCNC(=O)C(CCCCCOC(=O)CCCCCCCCC#C)NN1CCCCC1,0.62746017
CCCCCCCCCCCCCCCCNC(=O)C(CCCCCOC(=O)CCCCCCCCC#C)NN1CCCCC1,0.78985961
CCCCCCCC\C=C/CCCCCCCCNC(=O)C(CCCCCOC(=O)CCCCCCCCC#C)NCCN(CCN)CCN,3.85346704
CCCCCCCCCCCCCCCCCCNC(=O)C(CCCCCOC(=O)CCCCCCCCC#C)NCCN(CCN)CCN,2.66385543
CCCCCCCCCCCCNC(=O)C(CCCCCOC(=O)CCCCCCCCC#C)NCCN(CCN)CCN,0.39618771
CCCCCCCCCCCCCCNC(=O)C(CCCCCOC(=O)CCCCCCCCC#C)NCCN(CCN)CCN,1.87070661
CCCCCCCCCCCCCCCCNC(=O)C(CCCCCOC(=O)CCCCCCCCC#C)NCCN(CCN)CCN,4.37542363
CCCCCCCC\C=C/CCCCCCCCNC(=O)C(CCCCCOC(=O)CCCCCCCCC#C)NCCN1CCCC1,2.99208237
CCCCCCCCCCCCCCCCCCNC(=O)C(CCCCCOC(=O)CCCCCCCCC#C)NCCN1CCCC1,1.14762629
CCCCCCCCCCCCNC(=O)C(CCCCCOC(=O)CCCCCCCCC#C)NCCN1CCCC1,4.0068746
CCCCCCCCCCCCCCNC(=O)C(CCCCCOC(=O)CCCCCCCCC#C)NCCN1CCCC1,2.32508671
CCCCCCCCCCCCCCCCNC(=O)C(CCCCCOC(=O)CCCCCCCCC#C)NCCN1CCCC1,1.40052361
CCCCCCCC\C=C/CCCCCCCCNC(=O)C(CCCCCOC(=O)CCCCCCCCC#C)NCCN1CCCCC1,0.98396291
CCCCCCCCCCCCCCCCCCNC(=O)C(CCCCCOC(=O)CCCCCCCCC#C)NCCN1CCCCC1,1.48534338
CCCCCCCCCCCCNC(=O)C(CCCCCOC(=O)CCCCCCCCC#C)NCCN1CCCCC1,1.89605031
CCCCCCCCCCCCCCNC(=O)C(CCCCCOC(=O)CCCCCCCCC#C)NCCN1CCCCC1,1.71668767
CCCCCCCCCCCCCCCCNC(=O)C(CCCCCOC(=O)CCCCCCCCC#C)NCCN1CCCCC1,-0.0688439
CCCCCCCC\C=C/CCCCCCCCNC(=O)C(CCCCCOC(=O)CCCCCCCCC#C)NCCN(C(C)C)C(C)C,2.87716758
CCCCCCCCCCCCCCCCCCNC(=O)C(CCCCCOC(=O)CCCCCCCCC#C)NCCN(C(C)C)C(C)C,-2.1617406
CCCCCCCCCCCCNC(=O)C(CCCCCOC(=O)CCCCCCCCC#C)NCCN(C(C)C)C(C)C,4.40599927
CCCCCCCCCCCCCCNC(=O)C(CCCCCOC(=O)CCCCCCCCC#C)NCCN(C(C)C)C(C)C,3.01873103
CCCCCCCCCCCCCCCCNC(=O)C(CCCCCOC(=O)CCCCCCCCC#C)NCCN(C(C)C)C(C)C,2.03182837
CCCCCCCCCCC(=O)OCCCCCC(NCCCN(C)CCCN)C(=O)NCCCCCCCC\C=C/CCCCCCCC,0.3079975
CCCCCCCCCCCCCCCCCCNC(=O)C(CCCCCOC(=O)CCCCCCCCCC)NCCCN(C)CCCN,1.6831948
CCCCCCCCCCCCNC(=O)C(CCCCCOC(=O)CCCCCCCCCC)NCCCN(C)CCCN,8.75628518
CCCCCCCCCCCCCCNC(=O)C(CCCCCOC(=O)CCCCCCCCCC)NCCCN(C)CCCN,7.14931533
CCCCCCCCCCCCCCCCNC(=O)C(CCCCCOC(=O)CCCCCCCCCC)NCCCN(C)CCCN,3.85360453
CCCCCCCCCCC(=O)OCCCCCC(NCC1CCCN1CC)C(=O)NCCCCCCCC\C=C/CCCCCCCC,1.63753
CCCCCCCCCCCCCCCCCCNC(=O)C(CCCCCOC(=O)CCCCCCCCCC)NCC1CCCN1CC,1.54502729
CCCCCCCCCCCCNC(=O)C(CCCCCOC(=O)CCCCCCCCCC)NCC1CCCN1CC,5.89960122
CCCCCCCCCCCCCCNC(=O)C(CCCCCOC(=O)CCCCCCCCCC)NCC1CCCN1CC,6.33520066
CCCCCCCCCCCCCCCCNC(=O)C(CCCCCOC(=O)CCCCCCCCCC)NCC1CCCN1CC,2.82107353
CCCCCCCCCCC(=O)OCCCCCC(NCCN1CCNCC1)C(=O)NCCCCCCCC\C=C/CCCCCCCC,0.59446846
CCCCCCCCCCCCCCCCCCNC(=O)C(CCCCCOC(=O)CCCCCCCCCC)NCCN1CCNCC1,3.55806313
CCCCCCCCCCCCNC(=O)C(CCCCCOC(=O)CCCCCCCCCC)NCCN1CCNCC1,8.12983472
CCCCCCCCCCCCCCNC(=O)C(CCCCCOC(=O)CCCCCCCCCC)NCCN1CCNCC1,7.97525665
CCCCCCCCCCCCCCCCNC(=O)C(CCCCCOC(=O)CCCCCCCCCC)NCCN1CCNCC1,3.53608608
CCCCCCCCCCC(=O)OCCCCCC(NC1CCNCC1)C(=O)NCCCCCCCC\C=C/CCCCCCCC,0.93128365
CCCCCCCCCCCCCCCCCCNC(=O)C(CCCCCOC(=O)CCCCCCCCCC)NC1CCNCC1,4.74188559
CCCCCCCCCCCCNC(=O)C(CCCCCOC(=O)CCCCCCCCCC)NC1CCNCC1,4.55861299
CCCCCCCCCCCCCCNC(=O)C(CCCCCOC(=O)CCCCCCCCCC)NC1CCNCC1,6.90403721
CCCCCCCCCCCCCCCCNC(=O)C(CCCCCOC(=O)CCCCCCCCCC)NC1CCNCC1,2.13553506
CCCCCCCCCCC(=O)OCCCCCC(NCCN(C)C)C(=O)NCCCCCCCC\C=C/CCCCCCCC,5.23684996
CCCCCCCCCCCCCCCCCCNC(=O)C(CCCCCOC(=O)CCCCCCCCCC)NCCN(C)C,2.83350842
CCCCCCCCCCCCNC(=O)C(CCCCCOC(=O)CCCCCCCCCC)NCCN(C)C,1.54475317
CCCCCCCCCCCCCCNC(=O)C(CCCCCOC(=O)CCCCCCCCCC)NCCN(C)C,0.29972292
CCCCCCCCCCCCCCCCNC(=O)C(CCCCCOC(=O)CCCCCCCCCC)NCCN(C)C,2.58682763
CCCCCCCCCCC(=O)OCCCCCC(NCCCN(C)C)C(=O)NCCCCCCCC\C=C/CCCCCCCC,6.52111589
CCCCCCCCCCCCCCCCCCNC(=O)C(CCCCCOC(=O)CCCCCCCCCC)NCCCN(C)C,5.62389043
CCCCCCCCCCCCNC(=O)C(CCCCCOC(=O)CCCCCCCCCC)NCCCN(C)C,2.84648344
CCCCCCCCCCCCCCNC(=O)C(CCCCCOC(=O)CCCCCCCCCC)NCCCN(C)C,3.50008154
CCCCCCCCCCCCCCCCNC(=O)C(CCCCCOC(=O)CCCCCCCCCC)NCCCN(C)C,4.71246048
CCCCCCCCCCC(=O)OCCCCCC(NCCCN(CC)CC)C(=O)NCCCCCCCC\C=C/CCCCCCCC,4.7449997
CCCCCCCCCCCCCCCCCCNC(=O)C(CCCCCOC(=O)CCCCCCCCCC)NCCCN(CC)CC,5.29649688
CCCCCCCCCCCCNC(=O)C(CCCCCOC(=O)CCCCCCCCCC)NCCCN(CC)CC,2.30293193
CCCCCCCCCCCCCCNC(=O)C(CCCCCOC(=O)CCCCCCCCCC)NCCCN(CC)CC,1.71734142
CCCCCCCCCCCCCCCCNC(=O)C(CCCCCOC(=O)CCCCCCCCCC)NCCCN(CC)CC,2.57176156
CCCCCCCCCCC(=O)OCCCCCC(NCCCN(CCCC)CCCC)C(=O)NCCCCCCCC\C=C/CCCCCCCC,1.99536508
CCCCCCCCCCCCCCCCCCNC(=O)C(CCCCCOC(=O)CCCCCCCCCC)NCCCN(CCCC)CCCC,2.76389543
CCCCCCCCCCCCNC(=O)C(CCCCCOC(=O)CCCCCCCCCC)NCCCN(CCCC)CCCC,4.27116229
CCCCCCCCCCCCCCNC(=O)C(CCCCCOC(=O)CCCCCCCCCC)NCCCN(CCCC)CCCC,2.59426948
CCCCCCCCCCCCCCCCNC(=O)C(CCCCCOC(=O)CCCCCCCCCC)NCCCN(CCCC)CCCC,2.13388891
CCCCCCCCCCC(=O)OCCCCCC(NCCCN1CCCC1)C(=O)NCCCCCCCC\C=C/CCCCCCCC,5.76667633
CCCCCCCCCCCCCCCCCCNC(=O)C(CCCCCOC(=O)CCCCCCCCCC)NCCCN1CCCC1,7.01688996
CCCCCCCCCCCCNC(=O)C(CCCCCOC(=O)CCCCCCCCCC)NCCCN1CCCC1,1.23479668
CCCCCCCCCCCCCCNC(=O)C(CCCCCOC(=O)CCCCCCCCCC)NCCCN1CCCC1,2.64716019
CCCCCCCCCCCCCCCCNC(=O)C(CCCCCOC(=O)CCCCCCCCCC)NCCCN1CCCC1,1.94720058
CCCCCCCCCCC(=O)OCCCCCC(NCCN(CC)CC)C(=O)NCCCCCCCC\C=C/CCCCCCCC,4.86717342
CCCCCCCCCCCCCCCCCCNC(=O)C(CCCCCOC(=O)CCCCCCCCCC)NCCN(CC)CC,7.40218063
CCCCCCCCCCCCNC(=O)C(CCCCCOC(=O)CCCCCCCCCC)NCCN(CC)CC,1.2580766
CCCCCCCCCCCCCCNC(=O)C(CCCCCOC(=O)CCCCCCCCCC)NCCN(CC)CC,-0.0387384
CCCCCCCCCCCCCCCCNC(=O)C(CCCCCOC(=O)CCCCCCCCCC)NCCN(CC)CC,3.46312012
CCCCCCCCCCC(=O)OCCCCCC(NC1CCN(C)CC1)C(=O)NCCCCCCCC\C=C/CCCCCCCC,0.28513423
CCCCCCCCCCCCCCCCCCNC(=O)C(CCCCCOC(=O)CCCCCCCCCC)NC1CCN(C)CC1,1.67798108
CCCCCCCCCCCCNC(=O)C(CCCCCOC(=O)CCCCCCCCCC)NC1CCN(C)CC1,0.24191637
CCCCCCCCCCCCCCNC(=O)C(CCCCCOC(=O)CCCCCCCCCC)NC1CCN(C)CC1,0.7573183
CCCCCCCCCCCCCCCCNC(=O)C(CCCCCOC(=O)CCCCCCCCCC)NC1CCN(C)CC1,2.64494976
CCCCCCCCCCC(=O)OCCCCCC(NC1=CNN=C1)C(=O)NCCCCCCCC\C=C/CCCCCCCC,7.50598757
CCCCCCCCCCCCCCCCCCNC(=O)C(CCCCCOC(=O)CCCCCCCCCC)NC1=CNN=C1,4.05975046
CCCCCCCCCCCCNC(=O)C(CCCCCOC(=O)CCCCCCCCCC)NC1=CNN=C1,3.38493863
CCCCCCCCCCCCCCNC(=O)C(CCCCCOC(=O)CCCCCCCCCC)NC1=CNN=C1,5.29474193
CCCCCCCCCCCCCCCCNC(=O)C(CCCCCOC(=O)CCCCCCCCCC)NC1=CNN=C1,3.84066709
CCCCCCCCCCC(=O)OCCCCCC(NC1=CC(C)=NN1C)C(=O)NCCCCCCCC\C=C/CCCCCCCC,-0.5658004
CCCCCCCCCCCCCCCCCCNC(=O)C(CCCCCOC(=O)CCCCCCCCCC)NC1=CC(C)=NN1C,-0.0263751
CCCCCCCCCCCCNC(=O)C(CCCCCOC(=O)CCCCCCCCCC)NC1=CC(C)=NN1C,1.38397581
CCCCCCCCCCCCCCNC(=O)C(CCCCCOC(=O)CCCCCCCCCC)NC1=CC(C)=NN1C,0.14645575
CCCCCCCCCCCCCCCCNC(=O)C(CCCCCOC(=O)CCCCCCCCCC)NC1=CC(C)=NN1C,0.10612251
CCCCCCCCCCC(=O)OCCCCCC(NN1CCCCC1)C(=O)NCCCCCCCC\C=C/CCCCCCCC,1.22619491
CCCCCCCCCCCCCCCCCCNC(=O)C(CCCCCOC(=O)CCCCCCCCCC)NN1CCCCC1,1.71431821
CCCCCCCCCCCCNC(=O)C(CCCCCOC(=O)CCCCCCCCCC)NN1CCCCC1,2.87930317
CCCCCCCCCCCCCCNC(=O)C(CCCCCOC(=O)CCCCCCCCCC)NN1CCCCC1,2.04675746
CCCCCCCCCCCCCCCCNC(=O)C(CCCCCOC(=O)CCCCCCCCCC)NN1CCCCC1,1.16726502
CCCCCCCCCCC(=O)OCCCCCC(NCCN(CCN)CCN)C(=O)NCCCCCCCC\C=C/CCCCCCCC,4.2477628
CCCCCCCCCCCCCCCCCCNC(=O)C(CCCCCOC(=O)CCCCCCCCCC)NCCN(CCN)CCN,2.76004921
CCCCCCCCCCCCNC(=O)C(CCCCCOC(=O)CCCCCCCCCC)NCCN(CCN)CCN,6.85869936
CCCCCCCCCCCCCCNC(=O)C(CCCCCOC(=O)CCCCCCCCCC)NCCN(CCN)CCN,4.33009615
CCCCCCCCCCCCCCCCNC(=O)C(CCCCCOC(=O)CCCCCCCCCC)NCCN(CCN)CCN,4.89908441
CCCCCCCCCCC(=O)OCCCCCC(NCCN1CCCC1)C(=O)NCCCCCCCC\C=C/CCCCCCCC,0.38723539
CCCCCCCCCCCCCCCCCCNC(=O)C(CCCCCOC(=O)CCCCCCCCCC)NCCN1CCCC1,2.03804228
CCCCCCCCCCCCNC(=O)C(CCCCCOC(=O)CCCCCCCCCC)NCCN1CCCC1,0.38003116
CCCCCCCCCCCCCCNC(=O)C(CCCCCOC(=O)CCCCCCCCCC)NCCN1CCCC1,0.43624512
CCCCCCCCCCCCCCCCNC(=O)C(CCCCCOC(=O)CCCCCCCCCC)NCCN1CCCC1,2.70615638
CCCCCCCCCCC(=O)OCCCCCC(NCCN1CCCCC1)C(=O)NCCCCCCCC\C=C/CCCCCCCC,3.03516101
CCCCCCCCCCCCCCCCCCNC(=O)C(CCCCCOC(=O)CCCCCCCCCC)NCCN1CCCCC1,1.30513951
CCCCCCCCCCCCNC(=O)C(CCCCCOC(=O)CCCCCCCCCC)NCCN1CCCCC1,3.46608115
CCCCCCCCCCCCCCNC(=O)C(CCCCCOC(=O)CCCCCCCCCC)NCCN1CCCCC1,2.77858924
CCCCCCCCCCCCCCCCNC(=O)C(CCCCCOC(=O)CCCCCCCCCC)NCCN1CCCCC1,3.21545697
CCCCCCCCCCC(=O)OCCCCCC(NCCN(C(C)C)C(C)C)C(=O)NCCCCCCCC\C=C/CCCCCCCC,2.12835382
CCCCCCCCCCCCCCCCCCNC(=O)C(CCCCCOC(=O)CCCCCCCCCC)NCCN(C(C)C)C(C)C,1.83071596
CCCCCCCCCCCCNC(=O)C(CCCCCOC(=O)CCCCCCCCCC)NCCN(C(C)C)C(C)C,1.2018044
CCCCCCCCCCCCCCNC(=O)C(CCCCCOC(=O)CCCCCCCCCC)NCCN(C(C)C)C(C)C,-1.7404765
CCCCCCCCCCCCCCCCNC(=O)C(CCCCCOC(=O)CCCCCCCCCC)NCCN(C(C)C)C(C)C,1.67966342
CCCCCCCC\C=C/CCCCCCCCNC(=O)C(CCCCCOC(=O)CCC(C)CCCCC)NCCCN(C)CCCN,0.11191049
CCCCCCCCCCCCCCCCCCNC(=O)C(CCCCCOC(=O)CCC(C)CCCCC)NCCCN(C)CCCN,1.58030697
CCCCCCCCCCCCNC(=O)C(CCCCCOC(=O)CCC(C)CCCCC)NCCCN(C)CCCN,11.4112837
CCCCCCCCCCCCCCNC(=O)C(CCCCCOC(=O)CCC(C)CCCCC)NCCCN(C)CCCN,2.0287996
CCCCCCCCCCCCCCCCNC(=O)C(CCCCCOC(=O)CCC(C)CCCCC)NCCCN(C)CCCN,3.29381254
CCCCCCCC\C=C/CCCCCCCCNC(=O)C(CCCCCOC(=O)CCC(C)CCCCC)NCC1CCCN1CC,0.14323064
CCCCCCCCCCCCCCCCCCNC(=O)C(CCCCCOC(=O)CCC(C)CCCCC)NCC1CCCN1CC,-0.7117649
CCCCCCCCCCCCNC(=O)C(CCCCCOC(=O)CCC(C)CCCCC)NCC1CCCN1CC,7.22664647
CCCCCCCCCCCCCCNC(=O)C(CCCCCOC(=O)CCC(C)CCCCC)NCC1CCCN1CC,3.96221777
CCCCCCCCCCCCCCCCNC(=O)C(CCCCCOC(=O)CCC(C)CCCCC)NCC1CCCN1CC,4.69689356
CCCCCCCC\C=C/CCCCCCCCNC(=O)C(CCCCCOC(=O)CCC(C)CCCCC)NCCN1CCNCC1,3.57037404
CCCCCCCCCCCCCCCCCCNC(=O)C(CCCCCOC(=O)CCC(C)CCCCC)NCCN1CCNCC1,1.75069649
CCCCCCCCCCCCNC(=O)C(CCCCCOC(=O)CCC(C)CCCCC)NCCN1CCNCC1,9.45050168
CCCCCCCCCCCCCCNC(=O)C(CCCCCOC(=O)CCC(C)CCCCC)NCCN1CCNCC1,7.05756174
CCCCCCCCCCCCCCCCNC(=O)C(CCCCCOC(=O)CCC(C)CCCCC)NCCN1CCNCC1,9.28617341
CCCCCCCC\C=C/CCCCCCCCNC(=O)C(CCCCCOC(=O)CCC(C)CCCCC)NC1CCNCC1,2.11139861
CCCCCCCCCCCCCCCCCCNC(=O)C(CCCCCOC(=O)CCC(C)CCCCC)NC1CCNCC1,1.51863943
CCCCCCCCCCCCNC(=O)C(CCCCCOC(=O)CCC(C)CCCCC)NC1CCNCC1,6.09550408
CCCCCCCCCCCCCCNC(=O)C(CCCCCOC(=O)CCC(C)CCCCC)NC1CCNCC1,5.78822528
CCCCCCCCCCCCCCCCNC(=O)C(CCCCCOC(=O)CCC(C)CCCCC)NC1CCNCC1,3.71786626
CCCCCCCC\C=C/CCCCCCCCNC(=O)C(CCCCCOC(=O)CCC(C)CCCCC)NCCN(C)C,5.1577941
CCCCCCCCCCCCCCCCCCNC(=O)C(CCCCCOC(=O)CCC(C)CCCCC)NCCN(C)C,4.49857532
CCCCCCCCCCCCNC(=O)C(CCCCCOC(=O)CCC(C)CCCCC)NCCN(C)C,0.65719329
CCCCCCCCCCCCCCNC(=O)C(CCCCCOC(=O)CCC(C)CCCCC)NCCN(C)C,-0.5573582
CCCCCCCCCCCCCCCCNC(=O)C(CCCCCOC(=O)CCC(C)CCCCC)NCCN(C)C,2.18569553
CCCCCCCC\C=C/CCCCCCCCNC(=O)C(CCCCCOC(=O)CCC(C)CCCCC)NCCCN(C)C,3.42127633
CCCCCCCCCCCCCCCCCCNC(=O)C(CCCCCOC(=O)CCC(C)CCCCC)NCCCN(C)C,5.04054282
CCCCCCCCCCCCNC(=O)C(CCCCCOC(=O)CCC(C)CCCCC)NCCCN(C)C,5.071273
CCCCCCCCCCCCCCNC(=O)C(CCCCCOC(=O)CCC(C)CCCCC)NCCCN(C)C,4.05615317
CCCCCCCCCCCCCCCCNC(=O)C(CCCCCOC(=O)CCC(C)CCCCC)NCCCN(C)C,6.09344314
CCCCCCCC\C=C/CCCCCCCCNC(=O)C(CCCCCOC(=O)CCC(C)CCCCC)NCCCN(CC)CC,7.53752624
CCCCCCCCCCCCCCCCCCNC(=O)C(CCCCCOC(=O)CCC(C)CCCCC)NCCCN(CC)CC,7.65844883
CCCCCCCCCCCCNC(=O)C(CCCCCOC(=O)CCC(C)CCCCC)NCCCN(CC)CC,3.83001008
CCCCCCCCCCCCCCNC(=O)C(CCCCCOC(=O)CCC(C)CCCCC)NCCCN(CC)CC,3.86414447
CCCCCCCCCCCCCCCCNC(=O)C(CCCCCOC(=O)CCC(C)CCCCC)NCCCN(CC)CC,4.46201113
CCCCCCCC\C=C/CCCCCCCCNC(=O)C(CCCCCOC(=O)CCC(C)CCCCC)NCCCN(CCCC)CCCC,2.45379894
CCCCCCCCCCCCCCCCCCNC(=O)C(CCCCCOC(=O)CCC(C)CCCCC)NCCCN(CCCC)CCCC,5.53809694
CCCCCCCCCCCCNC(=O)C(CCCCCOC(=O)CCC(C)CCCCC)NCCCN(CCCC)CCCC,8.98920951
CCCCCCCCCCCCCCNC(=O)C(CCCCCOC(=O)CCC(C)CCCCC)NCCCN(CCCC)CCCC,2.96403346
CCCCCCCCCCCCCCCCNC(=O)C(CCCCCOC(=O)CCC(C)CCCCC)NCCCN(CCCC)CCCC,8.20196273
CCCCCCCC\C=C/CCCCCCCCNC(=O)C(CCCCCOC(=O)CCC(C)CCCCC)NCCCN1CCCC1,7.02232848
CCCCCCCCCCCCCCCCCCNC(=O)C(CCCCCOC(=O)CCC(C)CCCCC)NCCCN1CCCC1,7.53674191
CCCCCCCCCCCCNC(=O)C(CCCCCOC(=O)CCC(C)CCCCC)NCCCN1CCCC1,4.81416458
CCCCCCCCCCCCCCNC(=O)C(CCCCCOC(=O)CCC(C)CCCCC)NCCCN1CCCC1,-0.0191356
CCCCCCCCCCCCCCCCNC(=O)C(CCCCCOC(=O)CCC(C)CCCCC)NCCCN1CCCC1,4.93638847
CCCCCCCC\C=C/CCCCCCCCNC(=O)C(CCCCCOC(=O)CCC(C)CCCCC)NCCN(CC)CC,7.37555345
CCCCCCCCCCCCCCCCCCNC(=O)C(CCCCCOC(=O)CCC(C)CCCCC)NCCN(CC)CC,7.69805455
CCCCCCCCCCCCNC(=O)C(CCCCCOC(=O)CCC(C)CCCCC)NCCN(CC)CC,2.54529836
CCCCCCCCCCCCCCNC(=O)C(CCCCCOC(=O)CCC(C)CCCCC)NCCN(CC)CC,0.85652479
CCCCCCCCCCCCCCCCNC(=O)C(CCCCCOC(=O)CCC(C)CCCCC)NCCN(CC)CC,3.1230645
CCCCCCCC\C=C/CCCCCCCCNC(=O)C(CCCCCOC(=O)CCC(C)CCCCC)NC1CCN(C)CC1,0.10213718
CCCCCCCCCCCCCCCCCCNC(=O)C(CCCCCOC(=O)CCC(C)CCCCC)NC1CCN(C)CC1,1.63300955
CCCCCCCCCCCCNC(=O)C(CCCCCOC(=O)CCC(C)CCCCC)NC1CCN(C)CC1,3.60485497
CCCCCCCCCCCCCCNC(=O)C(CCCCCOC(=O)CCC(C)CCCCC)NC1CCN(C)CC1,0.04026784
CCCCCCCCCCCCCCCCNC(=O)C(CCCCCOC(=O)CCC(C)CCCCC)NC1CCN(C)CC1,2.20357855
CCCCCCCC\C=C/CCCCCCCCNC(=O)C(CCCCCOC(=O)CCC(C)CCCCC)NC1=CNN=C1,0.14681956
CCCCCCCCCCCCCCCCCCNC(=O)C(CCCCCOC(=O)CCC(C)CCCCC)NC1=CNN=C1,1.67111905
CCCCCCCCCCCCNC(=O)C(CCCCCOC(=O)CCC(C)CCCCC)NC1=CNN=C1,1.83439872
CCCCCCCCCCCCCCNC(=O)C(CCCCCOC(=O)CCC(C)CCCCC)NC1=CNN=C1,-0.5405609
CCCCCCCCCCCCCCCCNC(=O)C(CCCCCOC(=O)CCC(C)CCCCC)NC1=CNN=C1,0.70989001
CCCCCCCC\C=C/CCCCCCCCNC(=O)C(CCCCCOC(=O)CCC(C)CCCCC)NC1=CC(C)=NN1C,0.29572318
CCCCCCCCCCCCCCCCCCNC(=O)C(CCCCCOC(=O)CCC(C)CCCCC)NC1=CC(C)=NN1C,-0.2334916
CCCCCCCCCCCCNC(=O)C(CCCCCOC(=O)CCC(C)CCCCC)NC1=CC(C)=NN1C,5.59503956
CCCCCCCCCCCCCCNC(=O)C(CCCCCOC(=O)CCC(C)CCCCC)NC1=CC(C)=NN1C,0.1480216
CCCCCCCCCCCCCCCCNC(=O)C(CCCCCOC(=O)CCC(C)CCCCC)NC1=CC(C)=NN1C,0.77920841
CCCCCCCC\C=C/CCCCCCCCNC(=O)C(CCCCCOC(=O)CCC(C)CCCCC)NN1CCCCC1,1.23638176
CCCCCCCCCCCCCCCCCCNC(=O)C(CCCCCOC(=O)CCC(C)CCCCC)NN1CCCCC1,-1.5808899
CCCCCCCCCCCCNC(=O)C(CCCCCOC(=O)CCC(C)CCCCC)NN1CCCCC1,2.47934019
CCCCCCCCCCCCCCNC(=O)C(CCCCCOC(=O)CCC(C)CCCCC)NN1CCCCC1,-0.1351107
CCCCCCCCCCCCCCCCNC(=O)C(CCCCCOC(=O)CCC(C)CCCCC)NN1CCCCC1,1.9877977
CCCCCCCC\C=C/CCCCCCCCNC(=O)C(CCCCCOC(=O)CCC(C)CCCCC)NCCN(CCN)CCN,1.25056969
CCCCCCCCCCCCCCCCCCNC(=O)C(CCCCCOC(=O)CCC(C)CCCCC)NCCN(CCN)CCN,0.09944165
CCCCCCCCCCCCNC(=O)C(CCCCCOC(=O)CCC(C)CCCCC)NCCN(CCN)CCN,2.37823107
CCCCCCCCCCCCCCNC(=O)C(CCCCCOC(=O)CCC(C)CCCCC)NCCN(CCN)CCN,1.89016182
CCCCCCCCCCCCCCCCNC(=O)C(CCCCCOC(=O)CCC(C)CCCCC)NCCN(CCN)CCN,4.24563728
CCCCCCCC\C=C/CCCCCCCCNC(=O)C(CCCCCOC(=O)CCC(C)CCCCC)NCCN1CCCC1,2.71489522
CCCCCCCCCCCCCCCCCCNC(=O)C(CCCCCOC(=O)CCC(C)CCCCC)NCCN1CCCC1,2.1036566
CCCCCCCCCCCCNC(=O)C(CCCCCOC(=O)CCC(C)CCCCC)NCCN1CCCC1,9.42075792
CCCCCCCCCCCCCCNC(=O)C(CCCCCOC(=O)CCC(C)CCCCC)NCCN1CCCC1,2.53210354
CCCCCCCCCCCCCCCCNC(=O)C(CCCCCOC(=O)CCC(C)CCCCC)NCCN1CCCC1,3.62128778
CCCCCCCC\C=C/CCCCCCCCNC(=O)C(CCCCCOC(=O)CCC(C)CCCCC)NCCN1CCCCC1,4.51988262
CCCCCCCCCCCCCCCCCCNC(=O)C(CCCCCOC(=O)CCC(C)CCCCC)NCCN1CCCCC1,2.55570626
CCCCCCCCCCCCNC(=O)C(CCCCCOC(=O)CCC(C)CCCCC)NCCN1CCCCC1,8.27415799
CCCCCCCCCCCCCCNC(=O)C(CCCCCOC(=O)CCC(C)CCCCC)NCCN1CCCCC1,3.35616214
CCCCCCCCCCCCCCCCNC(=O)C(CCCCCOC(=O)CCC(C)CCCCC)NCCN1CCCCC1,6.07562443
CCCCCCCC\C=C/CCCCCCCCNC(=O)C(CCCCCOC(=O)CCC(C)CCCCC)NCCN(C(C)C)C(C)C,3.80949261
CCCCCCCCCCCCCCCCCCNC(=O)C(CCCCCOC(=O)CCC(C)CCCCC)NCCN(C(C)C)C(C)C,2.01756641
CCCCCCCCCCCCNC(=O)C(CCCCCOC(=O)CCC(C)CCCCC)NCCN(C(C)C)C(C)C,8.22938313
CCCCCCCCCCCCCCNC(=O)C(CCCCCOC(=O)CCC(C)CCCCC)NCCN(C(C)C)C(C)C,2.16809911
CCCCCCCCCCCCCCCCNC(=O)C(CCCCCOC(=O)CCC(C)CCCCC)NCCN(C(C)C)C(C)C,1.96605071
CCCCCCCC\C=C/CCCCCCCCNC(=O)C(CCCCCOC(=O)CCCCCCCC)NCCCN(C)CCCN,0.56695579
CCCCCCCCCCCCCCCCCCNC(=O)C(CCCCCOC(=O)CCCCCCCC)NCCCN(C)CCCN,0.49420494
CCCCCCCCCCCCNC(=O)C(CCCCCOC(=O)CCCCCCCC)NCCCN(C)CCCN,3.31027994
CCCCCCCCCCCCCCNC(=O)C(CCCCCOC(=O)CCCCCCCC)NCCCN(C)CCCN,3.56792053
CCCCCCCCCCCCCCCCNC(=O)C(CCCCCOC(=O)CCCCCCCC)NCCCN(C)CCCN,3.57964951
CCCCCCCC\C=C/CCCCCCCCNC(=O)C(CCCCCOC(=O)CCCCCCCC)NCC1CCCN1CC,1.04415276
CCCCCCCCCCCCCCCCCCNC(=O)C(CCCCCOC(=O)CCCCCCCC)NCC1CCCN1CC,0.42880466
CCCCCCCCCCCCNC(=O)C(CCCCCOC(=O)CCCCCCCC)NCC1CCCN1CC,3.24008742
CCCCCCCCCCCCCCNC(=O)C(CCCCCOC(=O)CCCCCCCC)NCC1CCCN1CC,2.62047759
CCCCCCCCCCCCCCCCNC(=O)C(CCCCCOC(=O)CCCCCCCC)NCC1CCCN1CC,3.17599533
CCCCCCCC\C=C/CCCCCCCCNC(=O)C(CCCCCOC(=O)CCCCCCCC)NCCN1CCNCC1,0.4562908
CCCCCCCCCCCCCCCCCCNC(=O)C(CCCCCOC(=O)CCCCCCCC)NCCN1CCNCC1,0.98948268
CCCCCCCCCCCCNC(=O)C(CCCCCOC(=O)CCCCCCCC)NCCN1CCNCC1,3.40262601
CCCCCCCCCCCCCCNC(=O)C(CCCCCOC(=O)CCCCCCCC)NCCN1CCNCC1,3.39300612
CCCCCCCCCCCCCCCCNC(=O)C(CCCCCOC(=O)CCCCCCCC)NCCN1CCNCC1,2.25369703
CCCCCCCC\C=C/CCCCCCCCNC(=O)C(CCCCCOC(=O)CCCCCCCC)NC1CCNCC1,0.12481786
CCCCCCCCCCCCCCCCCCNC(=O)C(CCCCCOC(=O)CCCCCCCC)NC1CCNCC1,1.29950176
CCCCCCCCCCCCNC(=O)C(CCCCCOC(=O)CCCCCCCC)NC1CCNCC1,3.40355386
CCCCCCCCCCCCCCNC(=O)C(CCCCCOC(=O)CCCCCCCC)NC1CCNCC1,1.39818483
CCCCCCCCCCCCCCCCNC(=O)C(CCCCCOC(=O)CCCCCCCC)NC1CCNCC1,2.50158307
CCCCCCCC\C=C/CCCCCCCCNC(=O)C(CCCCCOC(=O)CCCCCCCC)NCCN(C)C,4.35934206
CCCCCCCCCCCCCCCCCCNC(=O)C(CCCCCOC(=O)CCCCCCCC)NCCN(C)C,3.76700647
CCCCCCCCCCCCNC(=O)C(CCCCCOC(=O)CCCCCCCC)NCCN(C)C,1.92722883
CCCCCCCCCCCCCCNC(=O)C(CCCCCOC(=O)CCCCCCCC)NCCN(C)C,1.31279171
CCCCCCCCCCCCCCCCNC(=O)C(CCCCCOC(=O)CCCCCCCC)NCCN(C)C,0.26712644
CCCCCCCC\C=C/CCCCCCCCNC(=O)C(CCCCCOC(=O)CCCCCCCC)NCCCN(C)C,5.53902745
CCCCCCCCCCCCCCCCCCNC(=O)C(CCCCCOC(=O)CCCCCCCC)NCCCN(C)C,2.70152413
CCCCCCCCCCCCNC(=O)C(CCCCCOC(=O)CCCCCCCC)NCCCN(C)C,2.13160644
CCCCCCCCCCCCCCNC(=O)C(CCCCCOC(=O)CCCCCCCC)NCCCN(C)C,2.58809436
CCCCCCCCCCCCCCCCNC(=O)C(CCCCCOC(=O)CCCCCCCC)NCCCN(C)C,3.53320934
CCCCCCCC\C=C/CCCCCCCCNC(=O)C(CCCCCOC(=O)CCCCCCCC)NCCCN(CC)CC,5.32288655
CCCCCCCCCCCCCCCCCCNC(=O)C(CCCCCOC(=O)CCCCCCCC)NCCCN(CC)CC,3.59386661
CCCCCCCCCCCCNC(=O)C(CCCCCOC(=O)CCCCCCCC)NCCCN(CC)CC,0.22819397
CCCCCCCCCCCCCCNC(=O)C(CCCCCOC(=O)CCCCCCCC)NCCCN(CC)CC,0.17400084
CCCCCCCCCCCCCCCCNC(=O)C(CCCCCOC(=O)CCCCCCCC)NCCCN(CC)CC,2.65274297
CCCCCCCC\C=C/CCCCCCCCNC(=O)C(CCCCCOC(=O)CCCCCCCC)NCCCN(CCCC)CCCC,6.2737144
CCCCCCCCCCCCCCCCCCNC(=O)C(CCCCCOC(=O)CCCCCCCC)NCCCN(CCCC)CCCC,3.31415074
CCCCCCCCCCCCNC(=O)C(CCCCCOC(=O)CCCCCCCC)NCCCN(CCCC)CCCC,1.1900251
CCCCCCCCCCCCCCNC(=O)C(CCCCCOC(=O)CCCCCCCC)NCCCN(CCCC)CCCC,2.36691815
CCCCCCCCCCCCCCCCNC(=O)C(CCCCCOC(=O)CCCCCCCC)NCCCN(CCCC)CCCC,4.0583471
CCCCCCCC\C=C/CCCCCCCCNC(=O)C(CCCCCOC(=O)CCCCCCCC)NCCCN1CCCC1,5.33488343
CCCCCCCCCCCCCCCCCCNC(=O)C(CCCCCOC(=O)CCCCCCCC)NCCCN1CCCC1,5.49898077
CCCCCCCCCCCCNC(=O)C(CCCCCOC(=O)CCCCCCCC)NCCCN1CCCC1,0.75012156
CCCCCCCCCCCCCCNC(=O)C(CCCCCOC(=O)CCCCCCCC)NCCCN1CCCC1,1.4938342
CCCCCCCCCCCCCCCCNC(=O)C(CCCCCOC(=O)CCCCCCCC)NCCCN1CCCC1,2.42181106
CCCCCCCC\C=C/CCCCCCCCNC(=O)C(CCCCCOC(=O)CCCCCCCC)NCCN(CC)CC,2.53527577
CCCCCCCCCCCCCCCCCCNC(=O)C(CCCCCOC(=O)CCCCCCCC)NCCN(CC)CC,4.13093409
CCCCCCCCCCCCNC(=O)C(CCCCCOC(=O)CCCCCCCC)NCCN(CC)CC,1.29213741
CCCCCCCCCCCCCCNC(=O)C(CCCCCOC(=O)CCCCCCCC)NCCN(CC)CC,0.71274694
CCCCCCCCCCCCCCCCNC(=O)C(CCCCCOC(=O)CCCCCCCC)NCCN(CC)CC,1.43210254
CCCCCCCC\C=C/CCCCCCCCNC(=O)C(CCCCCOC(=O)CCCCCCCC)NC1CCN(C)CC1,3.04061895
CCCCCCCCCCCCCCCCCCNC(=O)C(CCCCCOC(=O)CCCCCCCC)NC1CCN(C)CC1,1.76774887
CCCCCCCCCCCCNC(=O)C(CCCCCOC(=O)CCCCCCCC)NC1CCN(C)CC1,2.52490888
CCCCCCCCCCCCCCNC(=O)C(CCCCCOC(=O)CCCCCCCC)NC1CCN(C)CC1,0.7168323
CCCCCCCCCCCCCCCCNC(=O)C(CCCCCOC(=O)CCCCCCCC)NC1CCN(C)CC1,2.09327085
CCCCCCCC\C=C/CCCCCCCCNC(=O)C(CCCCCOC(=O)CCCCCCCC)NC1=CNN=C1,3.22313352
CCCCCCCCCCCCCCCCCCNC(=O)C(CCCCCOC(=O)CCCCCCCC)NC1=CNN=C1,2.53481388
CCCCCCCCCCCCNC(=O)C(CCCCCOC(=O)CCCCCCCC)NC1=CNN=C1,2.83213356
CCCCCCCCCCCCCCNC(=O)C(CCCCCOC(=O)CCCCCCCC)NC1=CNN=C1,1.68775996
CCCCCCCCCCCCCCCCNC(=O)C(CCCCCOC(=O)CCCCCCCC)NC1=CNN=C1,3.20953217
CCCCCCCC\C=C/CCCCCCCCNC(=O)C(CCCCCOC(=O)CCCCCCCC)NC1=CC(C)=NN1C,2.77860576
CCCCCCCCCCCCCCCCCCNC(=O)C(CCCCCOC(=O)CCCCCCCC)NC1=CC(C)=NN1C,1.16246046
CCCCCCCCCCCCNC(=O)C(CCCCCOC(=O)CCCCCCCC)NC1=CC(C)=NN1C,2.88950042
CCCCCCCCCCCCCCNC(=O)C(CCCCCOC(=O)CCCCCCCC)NC1=CC(C)=NN1C,2.40262542
CCCCCCCCCCCCCCCCNC(=O)C(CCCCCOC(=O)CCCCCCCC)NC1=CC(C)=NN1C,2.3617985
CCCCCCCC\C=C/CCCCCCCCNC(=O)C(CCCCCOC(=O)CCCCCCCC)NN1CCCCC1,3.18861626
CCCCCCCCCCCCCCCCCCNC(=O)C(CCCCCOC(=O)CCCCCCCC)NN1CCCCC1,1.39270525
CCCCCCCCCCCCNC(=O)C(CCCCCOC(=O)CCCCCCCC)NN1CCCCC1,4.63202198
CCCCCCCCCCCCCCNC(=O)C(CCCCCOC(=O)CCCCCCCC)NN1CCCCC1,1.89349191
CCCCCCCCCCCCCCCCNC(=O)C(CCCCCOC(=O)CCCCCCCC)NN1CCCCC1,2.267199
CCCCCCCC\C=C/CCCCCCCCNC(=O)C(CCCCCOC(=O)CCCCCCCC)NCCN(CCN)CCN,4.75539518
CCCCCCCCCCCCCCCCCCNC(=O)C(CCCCCOC(=O)CCCCCCCC)NCCN(CCN)CCN,3.14718254
CCCCCCCCCCCCNC(=O)C(CCCCCOC(=O)CCCCCCCC)NCCN(CCN)CCN,2.49769796
CCCCCCCCCCCCCCNC(=O)C(CCCCCOC(=O)CCCCCCCC)NCCN(CCN)CCN,1.96187461
CCCCCCCCCCCCCCCCNC(=O)C(CCCCCOC(=O)CCCCCCCC)NCCN(CCN)CCN,2.49964641
CCCCCCCC\C=C/CCCCCCCCNC(=O)C(CCCCCOC(=O)CCCCCCCC)NCCN1CCCC1,4.92690979
CCCCCCCCCCCCCCCCCCNC(=O)C(CCCCCOC(=O)CCCCCCCC)NCCN1CCCC1,1.8850172
CCCCCCCCCCCCNC(=O)C(CCCCCOC(=O)CCCCCCCC)NCCN1CCCC1,3.04500663
CCCCCCCCCCCCCCNC(=O)C(CCCCCOC(=O)CCCCCCCC)NCCN1CCCC1,1.26255068
CCCCCCCCCCCCCCCCNC(=O)C(CCCCCOC(=O)CCCCCCCC)NCCN1CCCC1,1.04223134
CCCCCCCC\C=C/CCCCCCCCNC(=O)C(CCCCCOC(=O)CCCCCCCC)NCCN1CCCCC1,3.21212209
CCCCCCCCCCCCCCCCCCNC(=O)C(CCCCCOC(=O)CCCCCCCC)NCCN1CCCCC1,2.0284494
CCCCCCCCCCCCNC(=O)C(CCCCCOC(=O)CCCCCCCC)NCCN1CCCCC1,3.0540438
CCCCCCCCCCCCCCNC(=O)C(CCCCCOC(=O)CCCCCCCC)NCCN1CCCCC1,1.63504424
CCCCCCCCCCCCCCCCNC(=O)C(CCCCCOC(=O)CCCCCCCC)NCCN1CCCCC1,3.44945895
CCCCCCCC\C=C/CCCCCCCCNC(=O)C(CCCCCOC(=O)CCCCCCCC)NCCN(C(C)C)C(C)C,1.55796769
CCCCCCCCCCCCCCCCCCNC(=O)C(CCCCCOC(=O)CCCCCCCC)NCCN(C(C)C)C(C)C,1.22123008
CCCCCCCCCCCCNC(=O)C(CCCCCOC(=O)CCCCCCCC)NCCN(C(C)C)C(C)C,3.04852904
CCCCCCCCCCCCCCNC(=O)C(CCCCCOC(=O)CCCCCCCC)NCCN(C(C)C)C(C)C,1.3712556
CCCCCCCCCCCCCCCCNC(=O)C(CCCCCOC(=O)CCCCCCCC)NCCN(C(C)C)C(C)C,3.16591864
CCCCCCCC\C=C/CCCCCCCCNC(=O)C(CCCCCOC(=O)\C=C\CCCCCCC)NCCCN(C)CCCN,0.63719814
CCCCCCCCCCCCCCCCCCNC(=O)C(CCCCCOC(=O)\C=C\CCCCCCC)NCCCN(C)CCCN,0.02739437
CCCCCCCCCCCCNC(=O)C(CCCCCOC(=O)\C=C\CCCCCCC)NCCCN(C)CCCN,1.93632248
CCCCCCCCCCCCCCNC(=O)C(CCCCCOC(=O)\C=C\CCCCCCC)NCCCN(C)CCCN,2.76710723
CCCCCCCCCCCCCCCCNC(=O)C(CCCCCOC(=O)\C=C\CCCCCCC)NCCCN(C)CCCN,1.7173045
CCCCCCCC\C=C/CCCCCCCCNC(=O)C(CCCCCOC(=O)\C=C\CCCCCCC)NCC1CCCN1CC,0.6069173
CCCCCCCCCCCCCCCCCCNC(=O)C(CCCCCOC(=O)\C=C\CCCCCCC)NCC1CCCN1CC,1.54026151
CCCCCCCCCCCCNC(=O)C(CCCCCOC(=O)\C=C\CCCCCCC)NCC1CCCN1CC,0.4398378
CCCCCCCCCCCCCCNC(=O)C(CCCCCOC(=O)\C=C\CCCCCCC)NCC1CCCN1CC,0.96638853
CCCCCCCCCCCCCCCCNC(=O)C(CCCCCOC(=O)\C=C\CCCCCCC)NCC1CCCN1CC,2.25657106
CCCCCCCC\C=C/CCCCCCCCNC(=O)C(CCCCCOC(=O)\C=C\CCCCCCC)NCCN1CCNCC1,0.62290354
CCCCCCCCCCCCCCCCCCNC(=O)C(CCCCCOC(=O)\C=C\CCCCCCC)NCCN1CCNCC1,1.33841915
CCCCCCCCCCCCNC(=O)C(CCCCCOC(=O)\C=C\CCCCCCC)NCCN1CCNCC1,3.71268596
CCCCCCCCCCCCCCNC(=O)C(CCCCCOC(=O)\C=C\CCCCCCC)NCCN1CCNCC1,2.72865882
CCCCCCCCCCCCCCCCNC(=O)C(CCCCCOC(=O)\C=C\CCCCCCC)NCCN1CCNCC1,1.98599011
CCCCCCCC\C=C/CCCCCCCCNC(=O)C(CCCCCOC(=O)\C=C\CCCCCCC)NC1CCNCC1,-0.3277655
CCCCCCCCCCCCCCCCCCNC(=O)C(CCCCCOC(=O)\C=C\CCCCCCC)NC1CCNCC1,0.32738178
CCCCCCCCCCCCNC(=O)C(CCCCCOC(=O)\C=C\CCCCCCC)NC1CCNCC1,0.76493839
CCCCCCCCCCCCCCNC(=O)C(CCCCCOC(=O)\C=C\CCCCCCC)NC1CCNCC1,1.1039083
CCCCCCCCCCCCCCCCNC(=O)C(CCCCCOC(=O)\C=C\CCCCCCC)NC1CCNCC1,1.46690823
CCCCCCCC\C=C/CCCCCCCCNC(=O)C(CCCCCOC(=O)\C=C\CCCCCCC)NCCN(C)C,3.32802844
CCCCCCCCCCCCCCCCCCNC(=O)C(CCCCCOC(=O)\C=C\CCCCCCC)NCCN(C)C,1.91317604
CCCCCCCCCCCCNC(=O)C(CCCCCOC(=O)\C=C\CCCCCCC)NCCN(C)C,0.18669933
CCCCCCCCCCCCCCNC(=O)C(CCCCCOC(=O)\C=C\CCCCCCC)NCCN(C)C,1.23701351
CCCCCCCCCCCCCCCCNC(=O)C(CCCCCOC(=O)\C=C\CCCCCCC)NCCN(C)C,1.54519607
CCCCCCCC\C=C/CCCCCCCCNC(=O)C(CCCCCOC(=O)\C=C\CCCCCCC)NCCCN(C)C,3.67533425
CCCCCCCCCCCCCCCCCCNC(=O)C(CCCCCOC(=O)\C=C\CCCCCCC)NCCCN(C)C,2.66696756
CCCCCCCCCCCCNC(=O)C(CCCCCOC(=O)\C=C\CCCCCCC)NCCCN(C)C,-0.3030575
CCCCCCCCCCCCCCNC(=O)C(CCCCCOC(=O)\C=C\CCCCCCC)NCCCN(C)C,0.67435696
CCCCCCCCCCCCCCCCNC(=O)C(CCCCCOC(=O)\C=C\CCCCCCC)NCCCN(C)C,1.52659445
CCCCCCCC\C=C/CCCCCCCCNC(=O)C(CCCCCOC(=O)\C=C\CCCCCCC)NCCCN(CC)CC,3.01475787
CCCCCCCCCCCCCCCCCCNC(=O)C(CCCCCOC(=O)\C=C\CCCCCCC)NCCCN(CC)CC,3.67504991
CCCCCCCCCCCCNC(=O)C(CCCCCOC(=O)\C=C\CCCCCCC)NCCCN(CC)CC,-0.6370772
CCCCCCCCCCCCCCNC(=O)C(CCCCCOC(=O)\C=C\CCCCCCC)NCCCN(CC)CC,0.05989663
CCCCCCCCCCCCCCCCNC(=O)C(CCCCCOC(=O)\C=C\CCCCCCC)NCCCN(CC)CC,0.58893176
CCCCCCCC\C=C/CCCCCCCCNC(=O)C(CCCCCOC(=O)\C=C\CCCCCCC)NCCCN(CCCC)CCCC,4.32237331
CCCCCCCCCCCCCCCCCCNC(=O)C(CCCCCOC(=O)\C=C\CCCCCCC)NCCCN(CCCC)CCCC,0.71908599
CCCCCCCCCCCCNC(=O)C(CCCCCOC(=O)\C=C\CCCCCCC)NCCCN(CCCC)CCCC,0.89865332
CCCCCCCCCCCCCCNC(=O)C(CCCCCOC(=O)\C=C\CCCCCCC)NCCCN(CCCC)CCCC,1.4748233
CCCCCCCCCCCCCCCCNC(=O)C(CCCCCOC(=O)\C=C\CCCCCCC)NCCCN(CCCC)CCCC,1.4033378
CCCCCCCC\C=C/CCCCCCCCNC(=O)C(CCCCCOC(=O)\C=C\CCCCCCC)NCCCN1CCCC1,4.51818995
CCCCCCCCCCCCCCCCCCNC(=O)C(CCCCCOC(=O)\C=C\CCCCCCC)NCCCN1CCCC1,4.19632029
CCCCCCCCCCCCNC(=O)C(CCCCCOC(=O)\C=C\CCCCCCC)NCCCN1CCCC1,0.64051827
CCCCCCCCCCCCCCNC(=O)C(CCCCCOC(=O)\C=C\CCCCCCC)NCCCN1CCCC1,0.01072016
CCCCCCCCCCCCCCCCNC(=O)C(CCCCCOC(=O)\C=C\CCCCCCC)NCCCN1CCCC1,0.87786935
CCCCCCCC\C=C/CCCCCCCCNC(=O)C(CCCCCOC(=O)\C=C\CCCCCCC)NCCN(CC)CC,2.81412253
CCCCCCCCCCCCCCCCCCNC(=O)C(CCCCCOC(=O)\C=C\CCCCCCC)NCCN(CC)CC,3.4360378
CCCCCCCCCCCCNC(=O)C(CCCCCOC(=O)\C=C\CCCCCCC)NCCN(CC)CC,0.95944683
CCCCCCCCCCCCCCNC(=O)C(CCCCCOC(=O)\C=C\CCCCCCC)NCCN(CC)CC,-0.1852438
CCCCCCCCCCCCCCCCNC(=O)C(CCCCCOC(=O)\C=C\CCCCCCC)NCCN(CC)CC,0.97394224
CCCCCCCC\C=C/CCCCCCCCNC(=O)C(CCCCCOC(=O)\C=C\CCCCCCC)NC1CCN(C)CC1,1.50519085
CCCCCCCCCCCCCCCCCCNC(=O)C(CCCCCOC(=O)\C=C\CCCCCCC)NC1CCN(C)CC1,-1.965746
CCCCCCCCCCCCNC(=O)C(CCCCCOC(=O)\C=C\CCCCCCC)NC1CCN(C)CC1,2.17199742
CCCCCCCCCCCCCCNC(=O)C(CCCCCOC(=O)\C=C\CCCCCCC)NC1CCN(C)CC1,-0.1623777
CCCCCCCCCCCCCCCCNC(=O)C(CCCCCOC(=O)\C=C\CCCCCCC)NC1CCN(C)CC1,0.52686224
CCCCCCCC\C=C/CCCCCCCCNC(=O)C(CCCCCOC(=O)\C=C\CCCCCCC)NC1=CNN=C1,1.74817821
CCCCCCCCCCCCCCCCCCNC(=O)C(CCCCCOC(=O)\C=C\CCCCCCC)NC1=CNN=C1,1.63699003
CCCCCCCCCCCCNC(=O)C(CCCCCOC(=O)\C=C\CCCCCCC)NC1=CNN=C1,2.43931599
CCCCCCCCCCCCCCNC(=O)C(CCCCCOC(=O)\C=C\CCCCCCC)NC1=CNN=C1,2.02288838
CCCCCCCCCCCCCCCCNC(=O)C(CCCCCOC(=O)\C=C\CCCCCCC)NC1=CNN=C1,1.57479679
CCCCCCCC\C=C/CCCCCCCCNC(=O)C(CCCCCOC(=O)\C=C\CCCCCCC)NC1=CC(C)=NN1C,3.82650964
CCCCCCCCCCCCCCCCCCNC(=O)C(CCCCCOC(=O)\C=C\CCCCCCC)NC1=CC(C)=NN1C,0.90416708
CCCCCCCCCCCCNC(=O)C(CCCCCOC(=O)\C=C\CCCCCCC)NC1=CC(C)=NN1C,3.19447965
CCCCCCCCCCCCCCNC(=O)C(CCCCCOC(=O)\C=C\CCCCCCC)NC1=CC(C)=NN1C,1.03648124
CCCCCCCCCCCCCCCCNC(=O)C(CCCCCOC(=O)\C=C\CCCCCCC)NC1=CC(C)=NN1C,2.12308141
CCCCCCCC\C=C/CCCCCCCCNC(=O)C(CCCCCOC(=O)\C=C\CCCCCCC)NN1CCCCC1,1.44733411
CCCCCCCCCCCCCCCCCCNC(=O)C(CCCCCOC(=O)\C=C\CCCCCCC)NN1CCCCC1,-0.7979997
CCCCCCCCCCCCNC(=O)C(CCCCCOC(=O)\C=C\CCCCCCC)NN1CCCCC1,1.65973861
CCCCCCCCCCCCCCNC(=O)C(CCCCCOC(=O)\C=C\CCCCCCC)NN1CCCCC1,-0.4225927
CCCCCCCCCCCCCCCCNC(=O)C(CCCCCOC(=O)\C=C\CCCCCCC)NN1CCCCC1,1.27475335
CCCCCCCC\C=C/CCCCCCCCNC(=O)C(CCCCCOC(=O)\C=C\CCCCCCC)NCCN(CCN)CCN,2.64114302
CCCCCCCCCCCCCCCCCCNC(=O)C(CCCCCOC(=O)\C=C\CCCCCCC)NCCN(CCN)CCN,2.51809452
CCCCCCCCCCCCNC(=O)C(CCCCCOC(=O)\C=C\CCCCCCC)NCCN(CCN)CCN,1.57830233
CCCCCCCCCCCCCCNC(=O)C(CCCCCOC(=O)\C=C\CCCCCCC)NCCN(CCN)CCN,0.79481995
CCCCCCCCCCCCCCCCNC(=O)C(CCCCCOC(=O)\C=C\CCCCCCC)NCCN(CCN)CCN,0.75586717
CCCCCCCC\C=C/CCCCCCCCNC(=O)C(CCCCCOC(=O)\C=C\CCCCCCC)NCCN1CCCC1,3.0240851
CCCCCCCCCCCCCCCCCCNC(=O)C(CCCCCOC(=O)\C=C\CCCCCCC)NCCN1CCCC1,1.59488416
CCCCCCCCCCCCNC(=O)C(CCCCCOC(=O)\C=C\CCCCCCC)NCCN1CCCC1,3.36029561
CCCCCCCCCCCCCCNC(=O)C(CCCCCOC(=O)\C=C\CCCCCCC)NCCN1CCCC1,1.39239099
CCCCCCCCCCCCCCCCNC(=O)C(CCCCCOC(=O)\C=C\CCCCCCC)NCCN1CCCC1,2.1439342
CCCCCCCC\C=C/CCCCCCCCNC(=O)C(CCCCCOC(=O)\C=C\CCCCCCC)NCCN1CCCCC1,2.10261866
CCCCCCCCCCCCCCCCCCNC(=O)C(CCCCCOC(=O)\C=C\CCCCCCC)NCCN1CCCCC1,0.57744128
CCCCCCCCCCCCNC(=O)C(CCCCCOC(=O)\C=C\CCCCCCC)NCCN1CCCCC1,1.94932957
CCCCCCCCCCCCCCNC(=O)C(CCCCCOC(=O)\C=C\CCCCCCC)NCCN1CCCCC1,1.52632257
CCCCCCCCCCCCCCCCNC(=O)C(CCCCCOC(=O)\C=C\CCCCCCC)NCCN1CCCCC1,2.62818372
CCCCCCCC\C=C/CCCCCCCCNC(=O)C(CCCCCOC(=O)\C=C\CCCCCCC)NCCN(C(C)C)C(C)C,1.92622227
CCCCCCCCCCCCCCCCCCNC(=O)C(CCCCCOC(=O)\C=C\CCCCCCC)NCCN(C(C)C)C(C)C,1.59638176
CCCCCCCCCCCCNC(=O)C(CCCCCOC(=O)\C=C\CCCCCCC)NCCN(C(C)C)C(C)C,3.45793484
CCCCCCCCCCCCCCNC(=O)C(CCCCCOC(=O)\C=C\CCCCCCC)NCCN(C(C)C)C(C)C,1.84281834
CCCCCCCCCCCCCCCCNC(=O)C(CCCCCOC(=O)\C=C\CCCCCCC)NCCN(C(C)C)C(C)C,1.58706344
CCCCCCCC\C=C/CCCCCCCCNC(=O)C(CCCCCOC(=O)\C=C\CCCCCCC)NCCCN(C)CCCN,2.44194975
CCCCCCCCCCCCCCCCCCNC(=O)C(CCCCCOC(=O)\C=C\CCCCCCC)NCCCN(C)CCCN,1.04093976
CCCCCCCCCCCCNC(=O)C(CCCCCOC(=O)\C=C\CCCCCCC)NCCCN(C)CCCN,0.67772898
CCCCCCCCCCCCCCNC(=O)C(CCCCCOC(=O)\C=C\CCCCCCC)NCCCN(C)CCCN,2.88236569
CCCCCCCCCCCCCCCCNC(=O)C(CCCCCOC(=O)\C=C\CCCCCCC)NCCCN(C)CCCN,1.7236133
CCCCCCCC\C=C/CCCCCCCCNC(=O)C(CCCCCOC(=O)\C=C\CCCCCCC)NCC1CCCN1CC,1.12244885
CCCCCCCCCCCCCCCCCCNC(=O)C(CCCCCOC(=O)\C=C\CCCCCCC)NCC1CCCN1CC,-0.8056324
CCCCCCCCCCCCNC(=O)C(CCCCCOC(=O)\C=C\CCCCCCC)NCC1CCCN1CC,2.78728783
CCCCCCCCCCCCCCNC(=O)C(CCCCCOC(=O)\C=C\CCCCCCC)NCC1CCCN1CC,1.84712672
CCCCCCCCCCCCCCCCNC(=O)C(CCCCCOC(=O)\C=C\CCCCCCC)NCC1CCCN1CC,3.16136158
CCCCCCCC\C=C/CCCCCCCCNC(=O)C(CCCCCOC(=O)\C=C\CCCCCCC)NCCN1CCNCC1,0.59358909
CCCCCCCCCCCCCCCCCCNC(=O)C(CCCCCOC(=O)\C=C\CCCCCCC)NCCN1CCNCC1,1.10684833
CCCCCCCCCCCCNC(=O)C(CCCCCOC(=O)\C=C\CCCCCCC)NCCN1CCNCC1,3.66746562
CCCCCCCCCCCCCCNC(=O)C(CCCCCOC(=O)\C=C\CCCCCCC)NCCN1CCNCC1,2.61895875
CCCCCCCCCCCCCCCCNC(=O)C(CCCCCOC(=O)\C=C\CCCCCCC)NCCN1CCNCC1,2.0526965
CCCCCCCC\C=C/CCCCCCCCNC(=O)C(CCCCCOC(=O)\C=C\CCCCCCC)NC1CCNCC1,-0.5360971
CCCCCCCCCCCCCCCCCCNC(=O)C(CCCCCOC(=O)\C=C\CCCCCCC)NC1CCNCC1,0.52828742
CCCCCCCCCCCCNC(=O)C(CCCCCOC(=O)\C=C\CCCCCCC)NC1CCNCC1,3.15508984
CCCCCCCCCCCCCCNC(=O)C(CCCCCOC(=O)\C=C\CCCCCCC)NC1CCNCC1,1.53827792
CCCCCCCCCCCCCCCCNC(=O)C(CCCCCOC(=O)\C=C\CCCCCCC)NC1CCNCC1,1.95772953
CCCCCCCC\C=C/CCCCCCCCNC(=O)C(CCCCCOC(=O)\C=C\CCCCCCC)NCCN(C)C,3.55877425
CCCCCCCCCCCCCCCCCCNC(=O)C(CCCCCOC(=O)\C=C\CCCCCCC)NCCN(C)C,2.13503346
CCCCCCCCCCCCNC(=O)C(CCCCCOC(=O)\C=C\CCCCCCC)NCCN(C)C,-0.0920948
CCCCCCCCCCCCCCNC(=O)C(CCCCCOC(=O)\C=C\CCCCCCC)NCCN(C)C,-1.7494762
CCCCCCCCCCCCCCCCNC(=O)C(CCCCCOC(=O)\C=C\CCCCCCC)NCCN(C)C,2.21502635
CCCCCCCC\C=C/CCCCCCCCNC(=O)C(CCCCCOC(=O)\C=C\CCCCCCC)NCCCN(C)C,5.44420087
CCCCCCCCCCCCCCCCCCNC(=O)C(CCCCCOC(=O)\C=C\CCCCCCC)NCCCN(C)C,3.41576448
CCCCCCCCCCCCNC(=O)C(CCCCCOC(=O)\C=C\CCCCCCC)NCCCN(C)C,2.36273171
CCCCCCCCCCCCCCNC(=O)C(CCCCCOC(=O)\C=C\CCCCCCC)NCCCN(C)C,3.29098392
CCCCCCCCCCCCCCCCNC(=O)C(CCCCCOC(=O)\C=C\CCCCCCC)NCCCN(C)C,3.5210438
CCCCCCCC\C=C/CCCCCCCCNC(=O)C(CCCCCOC(=O)\C=C\CCCCCCC)NCCCN(CC)CC,4.77721266
CCCCCCCCCCCCCCCCCCNC(=O)C(CCCCCOC(=O)\C=C\CCCCCCC)NCCCN(CC)CC,4.47945235
CCCCCCCCCCCCNC(=O)C(CCCCCOC(=O)\C=C\CCCCCCC)NCCCN(CC)CC,0.51358441
CCCCCCCCCCCCCCNC(=O)C(CCCCCOC(=O)\C=C\CCCCCCC)NCCCN(CC)CC,-0.1087568
CCCCCCCCCCCCCCCCNC(=O)C(CCCCCOC(=O)\C=C\CCCCCCC)NCCCN(CC)CC,2.45149985
CCCCCCCC\C=C/CCCCCCCCNC(=O)C(CCCCCOC(=O)\C=C\CCCCCCC)NCCCN(CCCC)CCCC,6.8832319
CCCCCCCCCCCCCCCCCCNC(=O)C(CCCCCOC(=O)\C=C\CCCCCCC)NCCCN(CCCC)CCCC,2.15875651
CCCCCCCCCCCCNC(=O)C(CCCCCOC(=O)\C=C\CCCCCCC)NCCCN(CCCC)CCCC,4.21749111
CCCCCCCCCCCCCCNC(=O)C(CCCCCOC(=O)\C=C\CCCCCCC)NCCCN(CCCC)CCCC,3.57100537
CCCCCCCCCCCCCCCCNC(=O)C(CCCCCOC(=O)\C=C\CCCCCCC)NCCCN(CCCC)CCCC,4.58164438
CCCCCCCC\C=C/CCCCCCCCNC(=O)C(CCCCCOC(=O)\C=C\CCCCCCC)NCCCN1CCCC1,5.19202728
CCCCCCCCCCCCCCCCCCNC(=O)C(CCCCCOC(=O)\C=C\CCCCCCC)NCCCN1CCCC1,4.72571024
CCCCCCCCCCCCNC(=O)C(CCCCCOC(=O)\C=C\CCCCCCC)NCCCN1CCCC1,0.75139665
CCCCCCCCCCCCCCNC(=O)C(CCCCCOC(=O)\C=C\CCCCCCC)NCCCN1CCCC1,0.03160706
CCCCCCCCCCCCCCCCNC(=O)C(CCCCCOC(=O)\C=C\CCCCCCC)NCCCN1CCCC1,2.95601999
CCCCCCCC\C=C/CCCCCCCCNC(=O)C(CCCCCOC(=O)\C=C\CCCCCCC)NCCN(CC)CC,2.5256592
CCCCCCCCCCCCCCCCCCNC(=O)C(CCCCCOC(=O)\C=C\CCCCCCC)NCCN(CC)CC,1.06749876
CCCCCCCCCCCCNC(=O)C(CCCCCOC(=O)\C=C\CCCCCCC)NCCN(CC)CC,0.27936219
CCCCCCCCCCCCCCNC(=O)C(CCCCCOC(=O)\C=C\CCCCCCC)NCCN(CC)CC,1.00573363
CCCCCCCCCCCCCCCCNC(=O)C(CCCCCOC(=O)\C=C\CCCCCCC)NCCN(CC)CC,2.18698384
CCCCCCCC\C=C/CCCCCCCCNC(=O)C(CCCCCOC(=O)\C=C\CCCCCCC)NC1CCN(C)CC1,2.69888316
CCCCCCCCCCCCCCCCCCNC(=O)C(CCCCCOC(=O)\C=C\CCCCCCC)NC1CCN(C)CC1,2.6195574
CCCCCCCCCCCCNC(=O)C(CCCCCOC(=O)\C=C\CCCCCCC)NC1CCN(C)CC1,2.96637042
CCCCCCCCCCCCCCNC(=O)C(CCCCCOC(=O)\C=C\CCCCCCC)NC1CCN(C)CC1,0.06066926
CCCCCCCCCCCCCCCCNC(=O)C(CCCCCOC(=O)\C=C\CCCCCCC)NC1CCN(C)CC1,2.2454224
CCCCCCCC\C=C/CCCCCCCCNC(=O)C(CCCCCOC(=O)\C=C\CCCCCCC)NC1=CNN=C1,2.4094507
CCCCCCCCCCCCCCCCCCNC(=O)C(CCCCCOC(=O)\C=C\CCCCCCC)NC1=CNN=C1,1.94041446
CCCCCCCCCCCCNC(=O)C(CCCCCOC(=O)\C=C\CCCCCCC)NC1=CNN=C1,3.12472746
CCCCCCCCCCCCCCNC(=O)C(CCCCCOC(=O)\C=C\CCCCCCC)NC1=CNN=C1,1.71881237
CCCCCCCCCCCCCCCCNC(=O)C(CCCCCOC(=O)\C=C\CCCCCCC)NC1=CNN=C1,2.85890878
CCCCCCCC\C=C/CCCCCCCCNC(=O)C(CCCCCOC(=O)\C=C\CCCCCCC)NC1=CC(C)=NN1C,3.50843055
CCCCCCCCCCCCCCCCCCNC(=O)C(CCCCCOC(=O)\C=C\CCCCCCC)NC1=CC(C)=NN1C,0.75426512
CCCCCCCCCCCCNC(=O)C(CCCCCOC(=O)\C=C\CCCCCCC)NC1=CC(C)=NN1C,1.52025582
CCCCCCCCCCCCCCNC(=O)C(CCCCCOC(=O)\C=C\CCCCCCC)NC1=CC(C)=NN1C,0.727187
CCCCCCCCCCCCCCCCNC(=O)C(CCCCCOC(=O)\C=C\CCCCCCC)NC1=CC(C)=NN1C,-0.7430423
CCCCCCCC\C=C/CCCCCCCCNC(=O)C(CCCCCOC(=O)\C=C\CCCCCCC)NN1CCCCC1,2.97954439
CCCCCCCCCCCCCCCCCCNC(=O)C(CCCCCOC(=O)\C=C\CCCCCCC)NN1CCCCC1,1.18227289
CCCCCCCCCCCCNC(=O)C(CCCCCOC(=O)\C=C\CCCCCCC)NN1CCCCC1,3.4263229
CCCCCCCCCCCCCCNC(=O)C(CCCCCOC(=O)\C=C\CCCCCCC)NN1CCCCC1,-0.033929
CCCCCCCCCCCCCCCCNC(=O)C(CCCCCOC(=O)\C=C\CCCCCCC)NN1CCCCC1,3.13006387
CCCCCCCC\C=C/CCCCCCCCNC(=O)C(CCCCCOC(=O)\C=C\CCCCCCC)NCCN(CCN)CCN,4.98916132
CCCCCCCCCCCCCCCCCCNC(=O)C(CCCCCOC(=O)\C=C\CCCCCCC)NCCN(CCN)CCN,3.6054415
CCCCCCCCCCCCNC(=O)C(CCCCCOC(=O)\C=C\CCCCCCC)NCCN(CCN)CCN,0.50484289
CCCCCCCCCCCCCCNC(=O)C(CCCCCOC(=O)\C=C\CCCCCCC)NCCN(CCN)CCN,2.11355982
CCCCCCCCCCCCCCCCNC(=O)C(CCCCCOC(=O)\C=C\CCCCCCC)NCCN(CCN)CCN,3.38561642
CCCCCCCC\C=C/CCCCCCCCNC(=O)C(CCCCCOC(=O)\C=C\CCCCCCC)NCCN1CCCC1,2.02714273
CCCCCCCCCCCCCCCCCCNC(=O)C(CCCCCOC(=O)\C=C\CCCCCCC)NCCN1CCCC1,1.4405925
CCCCCCCCCCCCNC(=O)C(CCCCCOC(=O)\C=C\CCCCCCC)NCCN1CCCC1,3.65504372
CCCCCCCCCCCCCCNC(=O)C(CCCCCOC(=O)\C=C\CCCCCCC)NCCN1CCCC1,1.79183333
CCCCCCCCCCCCCCCCNC(=O)C(CCCCCOC(=O)\C=C\CCCCCCC)NCCN1CCCC1,1.78456189
CCCCCCCC\C=C/CCCCCCCCNC(=O)C(CCCCCOC(=O)\C=C\CCCCCCC)NCCN1CCCCC1,2.90258655
CCCCCCCCCCCCCCCCCCNC(=O)C(CCCCCOC(=O)\C=C\CCCCCCC)NCCN1CCCCC1,1.67439793
CCCCCCCCCCCCNC(=O)C(CCCCCOC(=O)\C=C\CCCCCCC)NCCN1CCCCC1,3.16069345
CCCCCCCCCCCCCCNC(=O)C(CCCCCOC(=O)\C=C\CCCCCCC)NCCN1CCCCC1,0.00702371
CCCCCCCCCCCCCCCCNC(=O)C(CCCCCOC(=O)\C=C\CCCCCCC)NCCN1CCCCC1,3.97891295
CCCCCCCC\C=C/CCCCCCCCNC(=O)C(CCCCCOC(=O)\C=C\CCCCCCC)NCCN(C(C)C)C(C)C,3.52886477
CCCCCCCCCCCCCCCCCCNC(=O)C(CCCCCOC(=O)\C=C\CCCCCCC)NCCN(C(C)C)C(C)C,0.52535492
CCCCCCCCCCCCNC(=O)C(CCCCCOC(=O)\C=C\CCCCCCC)NCCN(C(C)C)C(C)C,3.77262972
CCCCCCCCCCCCCCNC(=O)C(CCCCCOC(=O)\C=C\CCCCCCC)NCCN(C(C)C)C(C)C,1.70741546
CCCCCCCCCCCCCCCCNC(=O)C(CCCCCOC(=O)\C=C\CCCCCCC)NCCN(C(C)C)C(C)C,1.82650606
CCCCCCCC\C=C/CCCCCCCCNC(=O)C(CCCCCOC(=O)CCCCCCCCC=C)NCCCN(C)CCCN,2.25070376
CCCCCCCCCCCCCCCCCCNC(=O)C(CCCCCOC(=O)CCCCCCCCC=C)NCCCN(C)CCCN,2.24199528
CCCCCCCCCCCCNC(=O)C(CCCCCOC(=O)CCCCCCCCC=C)NCCCN(C)CCCN,1.9972641
CCCCCCCCCCCCCCNC(=O)C(CCCCCOC(=O)CCCCCCCCC=C)NCCCN(C)CCCN,3.3715652
CCCCCCCCCCCCCCCCNC(=O)C(CCCCCOC(=O)CCCCCCCCC=C)NCCCN(C)CCCN,1.53549235
CCCCCCCC\C=C/CCCCCCCCNC(=O)C(CCCCCOC(=O)CCCCCCCCC=C)NCC1CCCN1CC,-0.7179674
CCCCCCCCCCCCCCCCCCNC(=O)C(CCCCCOC(=O)CCCCCCCCC=C)NCC1CCCN1CC,1.36020634
CCCCCCCCCCCCNC(=O)C(CCCCCOC(=O)CCCCCCCCC=C)NCC1CCCN1CC,3.44484188
CCCCCCCCCCCCCCNC(=O)C(CCCCCOC(=O)CCCCCCCCC=C)NCC1CCCN1CC,3.03481512
CCCCCCCCCCCCCCCCNC(=O)C(CCCCCOC(=O)CCCCCCCCC=C)NCC1CCCN1CC,1.92516799
CCCCCCCC\C=C/CCCCCCCCNC(=O)C(CCCCCOC(=O)CCCCCCCCC=C)NCCN1CCNCC1,1.06305266
CCCCCCCCCCCCCCCCCCNC(=O)C(CCCCCOC(=O)CCCCCCCCC=C)NCCN1CCNCC1,5.53325642
CCCCCCCCCCCCNC(=O)C(CCCCCOC(=O)CCCCCCCCC=C)NCCN1CCNCC1,3.89355783
CCCCCCCCCCCCCCNC(=O)C(CCCCCOC(=O)CCCCCCCCC=C)NCCN1CCNCC1,3.6447953
CCCCCCCCCCCCCCCCNC(=O)C(CCCCCOC(=O)CCCCCCCCC=C)NCCN1CCNCC1,2.72577665
CCCCCCCC\C=C/CCCCCCCCNC(=O)C(CCCCCOC(=O)CCCCCCCCC=C)NC1CCNCC1,0.26163262
CCCCCCCCCCCCCCCCCCNC(=O)C(CCCCCOC(=O)CCCCCCCCC=C)NC1CCNCC1,0.18824559
CCCCCCCCCCCCNC(=O)C(CCCCCOC(=O)CCCCCCCCC=C)NC1CCNCC1,1.5935851
CCCCCCCCCCCCCCNC(=O)C(CCCCCOC(=O)CCCCCCCCC=C)NC1CCNCC1,1.64564041
CCCCCCCCCCCCCCCCNC(=O)C(CCCCCOC(=O)CCCCCCCCC=C)NC1CCNCC1,0.91050526
CCCCCCCC\C=C/CCCCCCCCNC(=O)C(CCCCCOC(=O)CCCCCCCCC=C)NCCN(C)C,2.88650946
CCCCCCCCCCCCCCCCCCNC(=O)C(CCCCCOC(=O)CCCCCCCCC=C)NCCN(C)C,3.03766905
CCCCCCCCCCCCNC(=O)C(CCCCCOC(=O)CCCCCCCCC=C)NCCN(C)C,-0.9030422
CCCCCCCCCCCCCCNC(=O)C(CCCCCOC(=O)CCCCCCCCC=C)NCCN(C)C,1.37508903
CCCCCCCCCCCCCCCCNC(=O)C(CCCCCOC(=O)CCCCCCCCC=C)NCCN(C)C,1.36495866
CCCCCCCC\C=C/CCCCCCCCNC(=O)C(CCCCCOC(=O)CCCCCCCCC=C)NCCCN(C)C,4.9090696
CCCCCCCCCCCCCCCCCCNC(=O)C(CCCCCOC(=O)CCCCCCCCC=C)NCCCN(C)C,3.11482618
CCCCCCCCCCCCNC(=O)C(CCCCCOC(=O)CCCCCCCCC=C)NCCCN(C)C,0.72036221
CCCCCCCCCCCCCCNC(=O)C(CCCCCOC(=O)CCCCCCCCC=C)NCCCN(C)C,1.72314811
CCCCCCCCCCCCCCCCNC(=O)C(CCCCCOC(=O)CCCCCCCCC=C)NCCCN(C)C,3.07919373
CCCCCCCC\C=C/CCCCCCCCNC(=O)C(CCCCCOC(=O)CCCCCCCCC=C)NCCCN(CC)CC,4.33511745
CCCCCCCCCCCCCCCCCCNC(=O)C(CCCCCOC(=O)CCCCCCCCC=C)NCCCN(CC)CC,2.86172063
CCCCCCCCCCCCNC(=O)C(CCCCCOC(=O)CCCCCCCCC=C)NCCCN(CC)CC,0.11967129
CCCCCCCCCCCCCCNC(=O)C(CCCCCOC(=O)CCCCCCCCC=C)NCCCN(CC)CC,1.2459779
CCCCCCCCCCCCCCCCNC(=O)C(CCCCCOC(=O)CCCCCCCCC=C)NCCCN(CC)CC,1.68066112
CCCCCCCC\C=C/CCCCCCCCNC(=O)C(CCCCCOC(=O)CCCCCCCCC=C)NCCCN(CCCC)CCCC,1.04347734
CCCCCCCCCCCCCCCCCCNC(=O)C(CCCCCOC(=O)CCCCCCCCC=C)NCCCN(CCCC)CCCC,2.93491582
CCCCCCCCCCCCNC(=O)C(CCCCCOC(=O)CCCCCCCCC=C)NCCCN(CCCC)CCCC,1.12118367
CCCCCCCCCCCCCCNC(=O)C(CCCCCOC(=O)CCCCCCCCC=C)NCCCN(CCCC)CCCC,2.35010287
CCCCCCCCCCCCCCCCNC(=O)C(CCCCCOC(=O)CCCCCCCCC=C)NCCCN(CCCC)CCCC,3.09860576
CCCCCCCC\C=C/CCCCCCCCNC(=O)C(CCCCCOC(=O)CCCCCCCCC=C)NCCCN1CCCC1,3.60796762
CCCCCCCCCCCCCCCCCCNC(=O)C(CCCCCOC(=O)CCCCCCCCC=C)NCCCN1CCCC1,2.87696696
CCCCCCCCCCCCNC(=O)C(CCCCCOC(=O)CCCCCCCCC=C)NCCCN1CCCC1,1.20050591
CCCCCCCCCCCCCCNC(=O)C(CCCCCOC(=O)CCCCCCCCC=C)NCCCN1CCCC1,2.31475166
CCCCCCCCCCCCCCCCNC(=O)C(CCCCCOC(=O)CCCCCCCCC=C)NCCCN1CCCC1,1.40624078
CCCCCCCC\C=C/CCCCCCCCNC(=O)C(CCCCCOC(=O)CCCCCCCCC=C)NCCN(CC)CC,3.59207636
CCCCCCCCCCCCCCCCCCNC(=O)C(CCCCCOC(=O)CCCCCCCCC=C)NCCN(CC)CC,2.35317701
CCCCCCCCCCCCNC(=O)C(CCCCCOC(=O)CCCCCCCCC=C)NCCN(CC)CC,-1.0152386
CCCCCCCCCCCCCCNC(=O)C(CCCCCOC(=O)CCCCCCCCC=C)NCCN(CC)CC,0.072646
CCCCCCCCCCCCCCCCNC(=O)C(CCCCCOC(=O)CCCCCCCCC=C)NCCN(CC)CC,1.16116682
CCCCCCCC\C=C/CCCCCCCCNC(=O)C(CCCCCOC(=O)CCCCCCCCC=C)NC1CCN(C)CC1,1.77686652
CCCCCCCCCCCCCCCCCCNC(=O)C(CCCCCOC(=O)CCCCCCCCC=C)NC1CCN(C)CC1,1.62198471
CCCCCCCCCCCCNC(=O)C(CCCCCOC(=O)CCCCCCCCC=C)NC1CCN(C)CC1,2.14308239
CCCCCCCCCCCCCCNC(=O)C(CCCCCOC(=O)CCCCCCCCC=C)NC1CCN(C)CC1,1.29810039
CCCCCCCCCCCCCCCCNC(=O)C(CCCCCOC(=O)CCCCCCCCC=C)NC1CCN(C)CC1,2.56142207
CCCCCCCC\C=C/CCCCCCCCNC(=O)C(CCCCCOC(=O)CCCCCCCCC=C)NC1=CNN=C1,2.59866563
CCCCCCCCCCCCCCCCCCNC(=O)C(CCCCCOC(=O)CCCCCCCCC=C)NC1=CNN=C1,1.28271278
CCCCCCCCCCCCNC(=O)C(CCCCCOC(=O)CCCCCCCCC=C)NC1=CNN=C1,1.56638657
CCCCCCCCCCCCCCNC(=O)C(CCCCCOC(=O)CCCCCCCCC=C)NC1=CNN=C1,0.87787436
CCCCCCCCCCCCCCCCNC(=O)C(CCCCCOC(=O)CCCCCCCCC=C)NC1=CNN=C1,2.28360974
CCCCCCCC\C=C/CCCCCCCCNC(=O)C(CCCCCOC(=O)CCCCCCCCC=C)NC1=CC(C)=NN1C,4.15480639
CCCCCCCCCCCCCCCCCCNC(=O)C(CCCCCOC(=O)CCCCCCCCC=C)NC1=CC(C)=NN1C,-0.0093445
CCCCCCCCCCCCNC(=O)C(CCCCCOC(=O)CCCCCCCCC=C)NC1=CC(C)=NN1C,2.21167456
CCCCCCCCCCCCCCNC(=O)C(CCCCCOC(=O)CCCCCCCCC=C)NC1=CC(C)=NN1C,0.61292985
CCCCCCCCCCCCCCCCNC(=O)C(CCCCCOC(=O)CCCCCCCCC=C)NC1=CC(C)=NN1C,1.33175511
CCCCCCCC\C=C/CCCCCCCCNC(=O)C(CCCCCOC(=O)CCCCCCCCC=C)NN1CCCCC1,1.54038075
CCCCCCCCCCCCCCCCCCNC(=O)C(CCCCCOC(=O)CCCCCCCCC=C)NN1CCCCC1,0.80912819
CCCCCCCCCCCCNC(=O)C(CCCCCOC(=O)CCCCCCCCC=C)NN1CCCCC1,2.96638007
CCCCCCCCCCCCCCNC(=O)C(CCCCCOC(=O)CCCCCCCCC=C)NN1CCCCC1,0.84167332
CCCCCCCCCCCCCCCCNC(=O)C(CCCCCOC(=O)CCCCCCCCC=C)NN1CCCCC1,2.48044532
CCCCCCCC\C=C/CCCCCCCCNC(=O)C(CCCCCOC(=O)CCCCCCCCC=C)NCCN(CCN)CCN,1.62560527
CCCCCCCCCCCCCCCCCCNC(=O)C(CCCCCOC(=O)CCCCCCCCC=C)NCCN(CCN)CCN,2.74340315
CCCCCCCCCCCCNC(=O)C(CCCCCOC(=O)CCCCCCCCC=C)NCCN(CCN)CCN,0.48009721
CCCCCCCCCCCCCCNC(=O)C(CCCCCOC(=O)CCCCCCCCC=C)NCCN(CCN)CCN,0.8022856
CCCCCCCCCCCCCCCCNC(=O)C(CCCCCOC(=O)CCCCCCCCC=C)NCCN(CCN)CCN,3.5899427
CCCCCCCC\C=C/CCCCCCCCNC(=O)C(CCCCCOC(=O)CCCCCCCCC=C)NCCN1CCCC1,3.55673627
CCCCCCCCCCCCCCCCCCNC(=O)C(CCCCCOC(=O)CCCCCCCCC=C)NCCN1CCCC1,2.42318117
CCCCCCCCCCCCNC(=O)C(CCCCCOC(=O)CCCCCCCCC=C)NCCN1CCCC1,2.85580767
CCCCCCCCCCCCCCNC(=O)C(CCCCCOC(=O)CCCCCCCCC=C)NCCN1CCCC1,1.91142968
CCCCCCCCCCCCCCCCNC(=O)C(CCCCCOC(=O)CCCCCCCCC=C)NCCN1CCCC1,2.20225788
CCCCCCCC\C=C/CCCCCCCCNC(=O)C(CCCCCOC(=O)CCCCCCCCC=C)NCCN1CCCCC1,2.82095407
CCCCCCCCCCCCCCCCCCNC(=O)C(CCCCCOC(=O)CCCCCCCCC=C)NCCN1CCCCC1,0.47598774
CCCCCCCCCCCCNC(=O)C(CCCCCOC(=O)CCCCCCCCC=C)NCCN1CCCCC1,2.81079627
CCCCCCCCCCCCCCNC(=O)C(CCCCCOC(=O)CCCCCCCCC=C)NCCN1CCCCC1,2.16156104
CCCCCCCCCCCCCCCCNC(=O)C(CCCCCOC(=O)CCCCCCCCC=C)NCCN1CCCCC1,1.43030335
CCCCCCCC\C=C/CCCCCCCCNC(=O)C(CCCCCOC(=O)CCCCCCCCC=C)NCCN(C(C)C)C(C)C,1.70598189
CCCCCCCCCCCCCCCCCCNC(=O)C(CCCCCOC(=O)CCCCCCCCC=C)NCCN(C(C)C)C(C)C,-0.8912442
CCCCCCCCCCCCNC(=O)C(CCCCCOC(=O)CCCCCCCCC=C)NCCN(C(C)C)C(C)C,2.91844422
CCCCCCCCCCCCCCNC(=O)C(CCCCCOC(=O)CCCCCCCCC=C)NCCN(C(C)C)C(C)C,-0.5445397
CCCCCCCCCCCCCCCCNC(=O)C(CCCCCOC(=O)CCCCCCCCC=C)NCCN(C(C)C)C(C)C,3.79208408
CCCCCCCC\C=C/CCCCCCCCNC(=O)C(CCCCCOC(=O)CCCCCCC\C=C/CCCCCCCC)NCCCN(C)CCCN,-0.943598
CCCCCCCCCCCCCCCCCCNC(=O)C(CCCCCOC(=O)CCCCCCC\C=C/CCCCCCCC)NCCCN(C)CCCN,-0.4717431
CCCCCCCCCCCCNC(=O)C(CCCCCOC(=O)CCCCCCC\C=C/CCCCCCCC)NCCCN(C)CCCN,5.42342922
CCCCCCCCCCCCCCNC(=O)C(CCCCCOC(=O)CCCCCCC\C=C/CCCCCCCC)NCCCN(C)CCCN,2.31053238
CCCCCCCCCCCCCCCCNC(=O)C(CCCCCOC(=O)CCCCCCC\C=C/CCCCCCCC)NCCCN(C)CCCN,0.77115461
CCCCCCCC\C=C/CCCCCCCCNC(=O)C(CCCCCOC(=O)CCCCCCC\C=C/CCCCCCCC)NCC1CCCN1CC,-0.5845938
CCCCCCCCCCCCCCCCCCNC(=O)C(CCCCCOC(=O)CCCCCCC\C=C/CCCCCCCC)NCC1CCCN1CC,0.59866394
CCCCCCCCCCCCNC(=O)C(CCCCCOC(=O)CCCCCCC\C=C/CCCCCCCC)NCC1CCCN1CC,1.59537917
CCCCCCCCCCCCCCNC(=O)C(CCCCCOC(=O)CCCCCCC\C=C/CCCCCCCC)NCC1CCCN1CC,2.20129435
CCCCCCCCCCCCCCCCNC(=O)C(CCCCCOC(=O)CCCCCCC\C=C/CCCCCCCC)NCC1CCCN1CC,0.15750182
CCCCCCCC\C=C/CCCCCCCCNC(=O)C(CCCCCOC(=O)CCCCCCC\C=C/CCCCCCCC)NCCN1CCNCC1,0.10849453
CCCCCCCCCCCCCCCCCCNC(=O)C(CCCCCOC(=O)CCCCCCC\C=C/CCCCCCCC)NCCN1CCNCC1,-0.5305321
CCCCCCCCCCCCNC(=O)C(CCCCCOC(=O)CCCCCCC\C=C/CCCCCCCC)NCCN1CCNCC1,2.10392861
CCCCCCCCCCCCCCNC(=O)C(CCCCCOC(=O)CCCCCCC\C=C/CCCCCCCC)NCCN1CCNCC1,2.15587116
CCCCCCCCCCCCCCCCNC(=O)C(CCCCCOC(=O)CCCCCCC\C=C/CCCCCCCC)NCCN1CCNCC1,-1.4526217
CCCCCCCC\C=C/CCCCCCCCNC(=O)C(CCCCCOC(=O)CCCCCCC\C=C/CCCCCCCC)NC1CCNCC1,-0.5401662
CCCCCCCCCCCCCCCCCCNC(=O)C(CCCCCOC(=O)CCCCCCC\C=C/CCCCCCCC)NC1CCNCC1,4.60241598
CCCCCCCCCCCCNC(=O)C(CCCCCOC(=O)CCCCCCC\C=C/CCCCCCCC)NC1CCNCC1,0.67557856
CCCCCCCCCCCCCCNC(=O)C(CCCCCOC(=O)CCCCCCC\C=C/CCCCCCCC)NC1CCNCC1,8.23046322
CCCCCCCCCCCCCCCCNC(=O)C(CCCCCOC(=O)CCCCCCC\C=C/CCCCCCCC)NC1CCNCC1,-1.176932
CCCCCCCC\C=C/CCCCCCCCNC(=O)C(CCCCCOC(=O)CCCCCCC\C=C/CCCCCCCC)NCCN(C)C,7.65177139
CCCCCCCCCCCCCCCCCCNC(=O)C(CCCCCOC(=O)CCCCCCC\C=C/CCCCCCCC)NCCN(C)C,0.90189906
CCCCCCCCCCCCNC(=O)C(CCCCCOC(=O)CCCCCCC\C=C/CCCCCCCC)NCCN(C)C,2.28710104
CCCCCCCCCCCCCCNC(=O)C(CCCCCOC(=O)CCCCCCC\C=C/CCCCCCCC)NCCN(C)C,-2.0017786
CCCCCCCCCCCCCCCCNC(=O)C(CCCCCOC(=O)CCCCCCC\C=C/CCCCCCCC)NCCN(C)C,2.62709804
CCCCCCCC\C=C/CCCCCCCCNC(=O)C(CCCCCOC(=O)CCCCCCC\C=C/CCCCCCCC)NCCCN(C)C,0.49455282
CCCCCCCCCCCCCCCCCCNC(=O)C(CCCCCOC(=O)CCCCCCC\C=C/CCCCCCCC)NCCCN(C)C,3.09301024
CCCCCCCCCCCCNC(=O)C(CCCCCOC(=O)CCCCCCC\C=C/CCCCCCCC)NCCCN(C)C,3.01517467
CCCCCCCCCCCCCCNC(=O)C(CCCCCOC(=O)CCCCCCC\C=C/CCCCCCCC)NCCCN(C)C,0.33766711
CCCCCCCCCCCCCCCCNC(=O)C(CCCCCOC(=O)CCCCCCC\C=C/CCCCCCCC)NCCCN(C)C,2.43678072
CCCCCCCC\C=C/CCCCCCCCNC(=O)C(CCCCCOC(=O)CCCCCCC\C=C/CCCCCCCC)NCCCN(CC)CC,-1.8105128
CCCCCCCCCCCCCCCCCCNC(=O)C(CCCCCOC(=O)CCCCCCC\C=C/CCCCCCCC)NCCCN(CC)CC,4.16898452
CCCCCCCCCCCCNC(=O)C(CCCCCOC(=O)CCCCCCC\C=C/CCCCCCCC)NCCCN(CC)CC,2.60626888
CCCCCCCCCCCCCCNC(=O)C(CCCCCOC(=O)CCCCCCC\C=C/CCCCCCCC)NCCCN(CC)CC,3.54246302
CCCCCCCCCCCCCCCCNC(=O)C(CCCCCOC(=O)CCCCCCC\C=C/CCCCCCCC)NCCCN(CC)CC,6.89998861
CCCCCCCC\C=C/CCCCCCCCNC(=O)C(CCCCCOC(=O)CCCCCCC\C=C/CCCCCCCC)NCCCN(CCCC)CCCC,1.1035667
CCCCCCCCCCCCCCCCCCNC(=O)C(CCCCCOC(=O)CCCCCCC\C=C/CCCCCCCC)NCCCN(CCCC)CCCC,0.8119812
CCCCCCCCCCCCNC(=O)C(CCCCCOC(=O)CCCCCCC\C=C/CCCCCCCC)NCCCN(CCCC)CCCC,1.18209299
CCCCCCCCCCCCCCNC(=O)C(CCCCCOC(=O)CCCCCCC\C=C/CCCCCCCC)NCCCN(CCCC)CCCC,1.0650301
CCCCCCCCCCCCCCCCNC(=O)C(CCCCCOC(=O)CCCCCCC\C=C/CCCCCCCC)NCCCN(CCCC)CCCC,0.56778848
CCCCCCCC\C=C/CCCCCCCCNC(=O)C(CCCCCOC(=O)CCCCCCC\C=C/CCCCCCCC)NCCCN1CCCC1,5.33987611
CCCCCCCCCCCCCCCCCCNC(=O)C(CCCCCOC(=O)CCCCCCC\C=C/CCCCCCCC)NCCCN1CCCC1,1.95978103
CCCCCCCCCCCCNC(=O)C(CCCCCOC(=O)CCCCCCC\C=C/CCCCCCCC)NCCCN1CCCC1,2.00534072
CCCCCCCCCCCCCCNC(=O)C(CCCCCOC(=O)CCCCCCC\C=C/CCCCCCCC)NCCCN1CCCC1,3.18520163
CCCCCCCCCCCCCCCCNC(=O)C(CCCCCOC(=O)CCCCCCC\C=C/CCCCCCCC)NCCCN1CCCC1,6.87561182
CCCCCCCC\C=C/CCCCCCCCNC(=O)C(CCCCCOC(=O)CCCCCCC\C=C/CCCCCCCC)NCCN(CC)CC,-2.5307831
CCCCCCCCCCCCCCCCCCNC(=O)C(CCCCCOC(=O)CCCCCCC\C=C/CCCCCCCC)NCCN(CC)CC,4.21500747
CCCCCCCCCCCCNC(=O)C(CCCCCOC(=O)CCCCCCC\C=C/CCCCCCCC)NCCN(CC)CC,2.50009175
CCCCCCCCCCCCCCNC(=O)C(CCCCCOC(=O)CCCCCCC\C=C/CCCCCCCC)NCCN(CC)CC,6.05097346
CCCCCCCCCCCCCCCCNC(=O)C(CCCCCOC(=O)CCCCCCC\C=C/CCCCCCCC)NCCN(CC)CC,7.3994823
CCCCCCCC\C=C/CCCCCCCCNC(=O)C(CCCCCOC(=O)CCCCCCC\C=C/CCCCCCCC)NC1CCN(C)CC1,0.92495212
CCCCCCCCCCCCCCCCCCNC(=O)C(CCCCCOC(=O)CCCCCCC\C=C/CCCCCCCC)NC1CCN(C)CC1,0.00120692
CCCCCCCCCCCCNC(=O)C(CCCCCOC(=O)CCCCCCC\C=C/CCCCCCCC)NC1CCN(C)CC1,1.15788646
CCCCCCCCCCCCCCNC(=O)C(CCCCCOC(=O)CCCCCCC\C=C/CCCCCCCC)NC1CCN(C)CC1,-0.5151001
CCCCCCCCCCCCCCCCNC(=O)C(CCCCCOC(=O)CCCCCCC\C=C/CCCCCCCC)NC1CCN(C)CC1,-1.1682823
CCCCCCCC\C=C/CCCCCCCCNC(=O)C(CCCCCOC(=O)CCCCCCC\C=C/CCCCCCCC)NC1=CNN=C1,3.16123008
CCCCCCCCCCCCCCCCCCNC(=O)C(CCCCCOC(=O)CCCCCCC\C=C/CCCCCCCC)NC1=CNN=C1,-0.6945871
CCCCCCCCCCCCNC(=O)C(CCCCCOC(=O)CCCCCCC\C=C/CCCCCCCC)NC1=CNN=C1,2.27350894
CCCCCCCCCCCCCCNC(=O)C(CCCCCOC(=O)CCCCCCC\C=C/CCCCCCCC)NC1=CNN=C1,0.10864184
CCCCCCCCCCCCCCCCNC(=O)C(CCCCCOC(=O)CCCCCCC\C=C/CCCCCCCC)NC1=CNN=C1,0.04226153
CCCCCCCC\C=C/CCCCCCCCNC(=O)C(CCCCCOC(=O)CCCCCCC\C=C/CCCCCCCC)NC1=CC(C)=NN1C,1.4341996
CCCCCCCCCCCCCCCCCCNC(=O)C(CCCCCOC(=O)CCCCCCC\C=C/CCCCCCCC)NC1=CC(C)=NN1C,0.7785403
CCCCCCCCCCCCNC(=O)C(CCCCCOC(=O)CCCCCCC\C=C/CCCCCCCC)NC1=CC(C)=NN1C,-0.2410884
CCCCCCCCCCCCCCNC(=O)C(CCCCCOC(=O)CCCCCCC\C=C/CCCCCCCC)NC1=CC(C)=NN1C,-2.4897876
CCCCCCCCCCCCCCCCNC(=O)C(CCCCCOC(=O)CCCCCCC\C=C/CCCCCCCC)NC1=CC(C)=NN1C,0.30725437
CCCCCCCC\C=C/CCCCCCCCNC(=O)C(CCCCCOC(=O)CCCCCCC\C=C/CCCCCCCC)NN1CCCCC1,1.13876937
CCCCCCCCCCCCCCCCCCNC(=O)C(CCCCCOC(=O)CCCCCCC\C=C/CCCCCCCC)NN1CCCCC1,-1.560173
CCCCCCCCCCCCNC(=O)C(CCCCCOC(=O)CCCCCCC\C=C/CCCCCCCC)NN1CCCCC1,0.69473173
CCCCCCCCCCCCCCNC(=O)C(CCCCCOC(=O)CCCCCCC\C=C/CCCCCCCC)NN1CCCCC1,-0.636076
CCCCCCCCCCCCCCCCNC(=O)C(CCCCCOC(=O)CCCCCCC\C=C/CCCCCCCC)NN1CCCCC1,-0.644231
CCCCCCCC\C=C/CCCCCCCCNC(=O)C(CCCCCOC(=O)CCCCCCC\C=C/CCCCCCCC)NCCN(CCN)CCN,-0.7721947
CCCCCCCCCCCCCCCCCCNC(=O)C(CCCCCOC(=O)CCCCCCC\C=C/CCCCCCCC)NCCN(CCN)CCN,4.04959841
CCCCCCCCCCCCNC(=O)C(CCCCCOC(=O)CCCCCCC\C=C/CCCCCCCC)NCCN(CCN)CCN,3.69273059
CCCCCCCCCCCCCCNC(=O)C(CCCCCOC(=O)CCCCCCC\C=C/CCCCCCCC)NCCN(CCN)CCN,2.13773209
CCCCCCCCCCCCCCCCNC(=O)C(CCCCCOC(=O)CCCCCCC\C=C/CCCCCCCC)NCCN(CCN)CCN,3.19736227
CCCCCCCC\C=C/CCCCCCCCNC(=O)C(CCCCCOC(=O)CCCCCCC\C=C/CCCCCCCC)NCCN1CCCC1,1.25865684
CCCCCCCCCCCCCCCCCCNC(=O)C(CCCCCOC(=O)CCCCCCC\C=C/CCCCCCCC)NCCN1CCCC1,0.99998295
CCCCCCCCCCCCNC(=O)C(CCCCCOC(=O)CCCCCCC\C=C/CCCCCCCC)NCCN1CCCC1,2.52320394
CCCCCCCCCCCCCCNC(=O)C(CCCCCOC(=O)CCCCCCC\C=C/CCCCCCCC)NCCN1CCCC1,-0.1937141
CCCCCCCCCCCCCCCCNC(=O)C(CCCCCOC(=O)CCCCCCC\C=C/CCCCCCCC)NCCN1CCCC1,0.93441621
CCCCCCCC\C=C/CCCCCCCCNC(=O)C(CCCCCOC(=O)CCCCCCC\C=C/CCCCCCCC)NCCN1CCCCC1,0.97296962
CCCCCCCCCCCCCCCCCCNC(=O)C(CCCCCOC(=O)CCCCCCC\C=C/CCCCCCCC)NCCN1CCCCC1,1.00258156
CCCCCCCCCCCCNC(=O)C(CCCCCOC(=O)CCCCCCC\C=C/CCCCCCCC)NCCN1CCCCC1,2.59799354
CCCCCCCCCCCCCCNC(=O)C(CCCCCOC(=O)CCCCCCC\C=C/CCCCCCCC)NCCN1CCCCC1,0.38753793
CCCCCCCCCCCCCCCCNC(=O)C(CCCCCOC(=O)CCCCCCC\C=C/CCCCCCCC)NCCN1CCCCC1,2.05848105
CCCCCCCC\C=C/CCCCCCCCNC(=O)C(CCCCCOC(=O)CCCCCCC\C=C/CCCCCCCC)NCCN(C(C)C)C(C)C,2.5725537
CCCCCCCCCCCCCCCCCCNC(=O)C(CCCCCOC(=O)CCCCCCC\C=C/CCCCCCCC)NCCN(C(C)C)C(C)C,2.95607534
CCCCCCCCCCCCNC(=O)C(CCCCCOC(=O)CCCCCCC\C=C/CCCCCCCC)NCCN(C(C)C)C(C)C,1.73577859
CCCCCCCCCCCCCCNC(=O)C(CCCCCOC(=O)CCCCCCC\C=C/CCCCCCCC)NCCN(C(C)C)C(C)C,-0.9448352
CCCCCCCCCCCCCCCCNC(=O)C(CCCCCOC(=O)CCCCCCC\C=C/CCCCCCCC)NCCN(C(C)C)C(C)C,0.27729242
CCCCCCCC\C=C/CCCCCCCCNC(=O)C(CCCCCOC(=O)CCCCCCC\C=C/C\C=C/CCCCC)NCCCN(C)CCCN,6.9429521
CCCCCCCCCCCCCCCCCCNC(=O)C(CCCCCOC(=O)CCCCCCC\C=C/C\C=C/CCCCC)NCCCN(C)CCCN,0.2123512
CCCCCCCCCCCCNC(=O)C(CCCCCOC(=O)CCCCCCC\C=C/C\C=C/CCCCC)NCCCN(C)CCCN,6.60372245
CCCCCCCCCCCCCCNC(=O)C(CCCCCOC(=O)CCCCCCC\C=C/C\C=C/CCCCC)NCCCN(C)CCCN,4.9343428
CCCCCCCCCCCCCCCCNC(=O)C(CCCCCOC(=O)CCCCCCC\C=C/C\C=C/CCCCC)NCCCN(C)CCCN,0.31629948
CCCCCCCC\C=C/CCCCCCCCNC(=O)C(CCCCCOC(=O)CCCCCCC\C=C/C\C=C/CCCCC)NCC1CCCN1CC,2.29257706
CCCCCCCCCCCCCCCCCCNC(=O)C(CCCCCOC(=O)CCCCCCC\C=C/C\C=C/CCCCC)NCC1CCCN1CC,-0.8462576
CCCCCCCCCCCCNC(=O)C(CCCCCOC(=O)CCCCCCC\C=C/C\C=C/CCCCC)NCC1CCCN1CC,1.69257471
CCCCCCCCCCCCCCNC(=O)C(CCCCCOC(=O)CCCCCCC\C=C/C\C=C/CCCCC)NCC1CCCN1CC,0.41064314
CCCCCCCCCCCCCCCCNC(=O)C(CCCCCOC(=O)CCCCCCC\C=C/C\C=C/CCCCC)NCC1CCCN1CC,1.92698316
CCCCCCCC\C=C/CCCCCCCCNC(=O)C(CCCCCOC(=O)CCCCCCC\C=C/C\C=C/CCCCC)NCCN1CCNCC1,5.13569487
CCCCCCCCCCCCCCCCCCNC(=O)C(CCCCCOC(=O)CCCCCCC\C=C/C\C=C/CCCCC)NCCN1CCNCC1,-1.1985989
CCCCCCCCCCCCNC(=O)C(CCCCCOC(=O)CCCCCCC\C=C/C\C=C/CCCCC)NCCN1CCNCC1,5.06586419
CCCCCCCCCCCCCCNC(=O)C(CCCCCOC(=O)CCCCCCC\C=C/C\C=C/CCCCC)NCCN1CCNCC1,0.39681921
CCCCCCCCCCCCCCCCNC(=O)C(CCCCCOC(=O)CCCCCCC\C=C/C\C=C/CCCCC)NCCN1CCNCC1,1.97721235
CCCCCCCC\C=C/CCCCCCCCNC(=O)C(CCCCCOC(=O)CCCCCCC\C=C/C\C=C/CCCCC)NC1CCNCC1,2.96022581
CCCCCCCCCCCCCCCCCCNC(=O)C(CCCCCOC(=O)CCCCCCC\C=C/C\C=C/CCCCC)NC1CCNCC1,-0.3259157
CCCCCCCCCCCCNC(=O)C(CCCCCOC(=O)CCCCCCC\C=C/C\C=C/CCCCC)NC1CCNCC1,3.68313481
CCCCCCCCCCCCCCNC(=O)C(CCCCCOC(=O)CCCCCCC\C=C/C\C=C/CCCCC)NC1CCNCC1,4.61237228
CCCCCCCCCCCCCCCCNC(=O)C(CCCCCOC(=O)CCCCCCC\C=C/C\C=C/CCCCC)NC1CCNCC1,0.98595981
CCCCCCCC\C=C/CCCCCCCCNC(=O)C(CCCCCOC(=O)CCCCCCC\C=C/C\C=C/CCCCC)NCCN(C)C,6.57693399
CCCCCCCCCCCCCCCCCCNC(=O)C(CCCCCOC(=O)CCCCCCC\C=C/C\C=C/CCCCC)NCCN(C)C,1.10731808
CCCCCCCCCCCCNC(=O)C(CCCCCOC(=O)CCCCCCC\C=C/C\C=C/CCCCC)NCCN(C)C,2.61965593
CCCCCCCCCCCCCCNC(=O)C(CCCCCOC(=O)CCCCCCC\C=C/C\C=C/CCCCC)NCCN(C)C,2.19168391
CCCCCCCCCCCCCCCCNC(=O)C(CCCCCOC(=O)CCCCCCC\C=C/C\C=C/CCCCC)NCCN(C)C,2.81300488
CCCCCCCC\C=C/CCCCCCCCNC(=O)C(CCCCCOC(=O)CCCCCCC\C=C/C\C=C/CCCCC)NCCCN(C)C,-0.6846351
CCCCCCCCCCCCCCCCCCNC(=O)C(CCCCCOC(=O)CCCCCCC\C=C/C\C=C/CCCCC)NCCCN(C)C,-0.7969945
CCCCCCCCCCCCNC(=O)C(CCCCCOC(=O)CCCCCCC\C=C/C\C=C/CCCCC)NCCCN(C)C,1.15301301
CCCCCCCCCCCCCCNC(=O)C(CCCCCOC(=O)CCCCCCC\C=C/C\C=C/CCCCC)NCCCN(C)C,-2.1697775
CCCCCCCCCCCCCCCCNC(=O)C(CCCCCOC(=O)CCCCCCC\C=C/C\C=C/CCCCC)NCCCN(C)C,-0.4248045
CCCCCCCC\C=C/CCCCCCCCNC(=O)C(CCCCCOC(=O)CCCCCCC\C=C/C\C=C/CCCCC)NCCCN(CC)CC,0.5881334
CCCCCCCCCCCCCCCCCCNC(=O)C(CCCCCOC(=O)CCCCCCC\C=C/C\C=C/CCCCC)NCCCN(CC)CC,3.54153761
CCCCCCCCCCCCNC(=O)C(CCCCCOC(=O)CCCCCCC\C=C/C\C=C/CCCCC)NCCCN(CC)CC,2.68922851
CCCCCCCCCCCCCCNC(=O)C(CCCCCOC(=O)CCCCCCC\C=C/C\C=C/CCCCC)NCCCN(CC)CC,2.43218733
CCCCCCCCCCCCCCCCNC(=O)C(CCCCCOC(=O)CCCCCCC\C=C/C\C=C/CCCCC)NCCCN(CC)CC,4.96934323
CCCCCCCC\C=C/CCCCCCCCNC(=O)C(CCCCCOC(=O)CCCCCCC\C=C/C\C=C/CCCCC)NCCCN(CCCC)CCCC,-0.2827545
CCCCCCCCCCCCCCCCCCNC(=O)C(CCCCCOC(=O)CCCCCCC\C=C/C\C=C/CCCCC)NCCCN(CCCC)CCCC,-1.5632982
CCCCCCCCCCCCNC(=O)C(CCCCCOC(=O)CCCCCCC\C=C/C\C=C/CCCCC)NCCCN(CCCC)CCCC,0.96416222
CCCCCCCCCCCCCCNC(=O)C(CCCCCOC(=O)CCCCCCC\C=C/C\C=C/CCCCC)NCCCN(CCCC)CCCC,0.64155359
CCCCCCCCCCCCCCCCNC(=O)C(CCCCCOC(=O)CCCCCCC\C=C/C\C=C/CCCCC)NCCCN(CCCC)CCCC,-0.5850362
CCCCCCCC\C=C/CCCCCCCCNC(=O)C(CCCCCOC(=O)CCCCCCC\C=C/C\C=C/CCCCC)NCCCN1CCCC1,-0.6873796
CCCCCCCCCCCCCCCCCCNC(=O)C(CCCCCOC(=O)CCCCCCC\C=C/C\C=C/CCCCC)NCCCN1CCCC1,1.65021652
CCCCCCCCCCCCNC(=O)C(CCCCCOC(=O)CCCCCCC\C=C/C\C=C/CCCCC)NCCCN1CCCC1,2.95642907
CCCCCCCCCCCCCCNC(=O)C(CCCCCOC(=O)CCCCCCC\C=C/C\C=C/CCCCC)NCCCN1CCCC1,3.20171571
CCCCCCCCCCCCCCCCNC(=O)C(CCCCCOC(=O)CCCCCCC\C=C/C\C=C/CCCCC)NCCCN1CCCC1,5.16377164
